Station,mean_cphl,lat,lon
0001,3.334761904761905,55.7287,16.6685
0001,3.334761904761905,55.0333,13.6657
0001,3.334761904761905,60.403,26.9512
0001,3.334761904761905,58.5938,18.2365
0001,3.334761904761905,54.647,18.483
0001,3.334761904761905,54.656,18.521
0001,3.334761904761905,53.848,14.623
0001,3.334761904761905,54.574,16.704
0001,3.334761904761905,53.923,14.282
0001,3.334761904761905,54.797,18.419
0001,3.334761904761905,54.373,19.585
0001,3.334761904761905,53.673,14.525
0001,3.334761904761905,54.113,15.065
0001,3.334761904761905,54.3318,19.5203
0001,3.334761904761905,54.567,18.683
0001,3.334761904761905,58.5833,18.2333
0001,3.334761904761905,63.5248,19.808
0001,3.334761904761905,63.4965,19.821
0001,3.334761904761905,64.7083,22.0668
0001,3.334761904761905,65.73,22.4467
0001,3.334761904761905,65.1665,23.2335
0001,3.334761904761905,58.8033,17.6237
0001,3.334761904761905,63.525,19.8093
0002,6.2248214285714285,60.5952,21.0943
0002,6.2248214285714285,58.5938,18.2365
0002,6.2248214285714285,54.719,18.484
0002,6.2248214285714285,54.656,18.521
0002,6.2248214285714285,53.981,14.498
0002,6.2248214285714285,53.848,14.623
0002,6.2248214285714285,54.594,16.868
0002,6.2248214285714285,54.964,16.59
0002,6.2248214285714285,53.943,14.235
0002,6.2248214285714285,54.843,18.344
0002,6.2248214285714285,54.373,19.585
0002,6.2248214285714285,54.204,15.557
0002,6.2248214285714285,53.762,14.406
0002,6.2248214285714285,54.167,15.291
0002,6.2248214285714285,54.2892,19.427
0002,6.2248214285714285,54.72,18.646
0002,6.2248214285714285,53.968,14.505
0002,6.2248214285714285,58.8833,20.3167
0002,6.2248214285714285,63.5257,19.8083
0002,6.2248214285714285,65.7287,22.4463
0002,6.2248214285714285,58.8033,17.6237
0002,6.2248214285714285,64.7088,22.0698
0002,6.2248214285714285,59.5392,24.6863
0002,6.2248214285714285,55.92,20.97
0003,6.398305084745763,55.7303,16.6933
0003,6.398305084745763,55.1173,14.135
0003,6.398305084745763,60.1955,24.8485
0003,6.398305084745763,57.9982,19.8797
0003,6.398305084745763,54.728,18.403
0003,6.398305084745763,54.656,18.521
0003,6.398305084745763,54.04,14.728
0003,6.398305084745763,54.016,14.639
0003,6.398305084745763,54.675,17.05
0003,6.398305084745763,53.848,14.623
0003,6.398305084745763,53.964,14.245
0003,6.398305084745763,54.817,17.83
0003,6.398305084745763,54.373,19.585
0003,6.398305084745763,54.295,16.125
0003,6.398305084745763,53.778,14.533
0003,6.398305084745763,54.204,15.557
0003,6.398305084745763,54.3005,19.2965
0003,6.398305084745763,54.483,18.577
0003,6.398305084745763,53.968,14.505
0003,6.398305084745763,58.5833,18.2333
0003,6.398305084745763,65.1667,23.2337
0003,6.398305084745763,62.653,18.9522
0003,6.398305084745763,55.308,14.3218
0003,6.398305084745763,59.5298,24.9702
0003,6.398305084745763,55.82,21.02
0004,4.8197368421052635,60.2557,21.9533
0004,4.8197368421052635,57.3123,20.0763
0004,4.8197368421052635,54.647,18.483
0004,4.8197368421052635,54.656,18.521
0004,4.8197368421052635,54.016,14.639
0004,4.8197368421052635,54.04,14.728
0004,4.8197368421052635,53.848,14.623
0004,4.8197368421052635,54.574,16.704
0004,4.8197368421052635,54.006,14.233
0004,4.8197368421052635,54.779,17.555
0004,4.8197368421052635,54.451,16.361
0004,4.8197368421052635,53.785,14.31
0004,4.8197368421052635,54.295,16.125
0004,4.8197368421052635,54.3662,19.45
0004,4.8197368421052635,54.517,18.572
0004,4.8197368421052635,58.5833,18.2333
0004,4.8197368421052635,62.6527,18.954
0004,4.8197368421052635,62.0998,18.5483
0005,11.687586206896551,55.7602,16.6852
0005,11.687586206896551,60.403,26.9512
0005,11.687586206896551,57.3123,20.0763
0005,11.687586206896551,54.728,18.403
0005,11.687586206896551,54.656,18.521
0005,11.687586206896551,53.981,14.498
0005,11.687586206896551,53.848,14.623
0005,11.687586206896551,54.594,16.868
0005,11.687586206896551,53.923,14.282
0005,11.687586206896551,54.794,18.437
0005,11.687586206896551,54.373,19.585
0005,11.687586206896551,54.167,15.291
0005,11.687586206896551,54.451,16.361
0005,11.687586206896551,54.3662,19.6665
0005,11.687586206896551,54.49,18.818
0005,11.687586206896551,58.5833,18.2333
0005,11.687586206896551,62.0998,18.5482
0005,11.687586206896551,62.8637,18.2638
0005,11.687586206896551,55.5027,14.4892
0006,10.64725,55.3167,14.9078
0006,10.64725,60.1958,24.9938
0006,10.64725,56.632,19.5848
0006,10.64725,54.719,18.484
0006,10.64725,54.733,18.536
0006,10.64725,53.848,14.623
0006,10.64725,53.981,14.498
0006,10.64725,54.675,17.05
0006,10.64725,53.943,14.235
0006,10.64725,54.574,16.704
0006,10.64725,54.373,19.585
0006,10.64725,54.113,15.065
0006,10.64725,53.673,14.525
0006,10.64725,54.3938,19.64
0006,10.64725,54.416,19.496
0006,10.64725,58.5833,18.2333
0006,10.64725,62.8635,18.2633
0006,10.64725,62.6528,18.9523
0006,10.64725,55.7028,14.7343
0006,10.64725,58.8033,17.6237
0007,5.054571428571428,55.7413,16.685
0007,5.054571428571428,60.4753,21.8053
0007,5.054571428571428,55.5553,18.4
0007,5.054571428571428,54.647,18.483
0007,5.054571428571428,54.493,18.591
0007,5.054571428571428,54.04,14.728
0007,5.054571428571428,54.016,14.639
0007,5.054571428571428,53.964,14.245
0007,5.054571428571428,54.594,16.868
0007,5.054571428571428,53.778,14.533
0007,5.054571428571428,54.167,15.291
0007,5.054571428571428,54.4448,19.7605
0007,5.054571428571428,54.383,18.968
0007,5.054571428571428,58.5833,18.2333
0007,5.054571428571428,63.4998,19.8188
0007,5.054571428571428,58.8033,17.6237
0007,5.054571428571428,62.0998,18.5485
0007,5.054571428571428,55.733,15.4557
0008,4.84516129032258,55.2755,15.0882
0008,4.84516129032258,60.403,26.9512
0008,4.84516129032258,55.2498,15.9842
0008,4.84516129032258,54.728,18.403
0008,4.84516129032258,54.656,18.521
0008,4.84516129032258,54.016,14.639
0008,4.84516129032258,54.04,14.728
0008,4.84516129032258,54.006,14.233
0008,4.84516129032258,54.675,17.05
0008,4.84516129032258,53.762,14.406
0008,4.84516129032258,54.204,15.557
0008,4.84516129032258,54.4472,19.7247
0008,4.84516129032258,54.379,18.878
0008,4.84516129032258,58.5833,18.2333
0008,4.84516129032258,63.4995,19.8193
0008,4.84516129032258,55.786,15.939
0009,6.4632,55.8162,16.6858
0009,6.4632,60.4483,26.964
0009,6.4632,55.3827,15.3328
0009,6.4632,54.719,18.484
0009,6.4632,54.656,18.521
0009,6.4632,53.981,14.498
0009,6.4632,53.848,14.623
0009,6.4632,53.923,14.282
0009,6.4632,54.669,18.669
0009,6.4632,53.785,14.31
0009,6.4632,54.295,16.125
0009,6.4632,54.4513,19.6688
0009,6.4632,58.8833,20.3167
0009,6.4632,64.7082,22.0662
0009,6.4632,55.8303,16.2603
0010,6.58,55.3652,15.3728
0010,6.58,60.4795,26.9568
0010,6.58,54.9712,14.099
0010,6.58,54.647,18.483
0010,6.58,54.493,18.591
0010,6.58,53.848,14.623
0010,6.58,53.943,14.235
0010,6.58,54.619,18.558
0010,6.58,53.673,14.525
0010,6.58,54.451,16.361
0010,6.58,65.8075,22.375
0010,6.58,62.8637,18.2638
0010,6.58,56.1678,16.5815
0011,5.698333333333333,54.891,13.082
0011,5.698333333333333,55.7893,16.491
0011,5.698333333333333,63.231,22.0223
0011,5.698333333333333,55.0158,13.301
0011,5.698333333333333,54.728,18.403
0011,5.698333333333333,54.656,18.521
0011,5.698333333333333,54.04,14.728
0011,5.698333333333333,53.964,14.245
0011,5.698333333333333,54.483,18.577
0011,5.698333333333333,53.778,14.533
0011,5.698333333333333,54.383,18.968
0011,5.698333333333333,65.7298,22.4477
0011,5.698333333333333,56.4808,16.7933
0012,3.5526315789473686,54.958,13.248
0012,3.5526315789473686,55.4583,15.002
0012,3.5526315789473686,65.7203,24.203
0012,3.5526315789473686,54.719,18.484
0012,3.5526315789473686,54.733,18.536
0012,3.5526315789473686,54.016,14.639
0012,3.5526315789473686,54.581,18.79
0012,3.5526315789473686,54.006,14.233
0012,3.5526315789473686,54.567,18.683
0012,3.5526315789473686,53.762,14.406
0012,3.5526315789473686,54.49,18.818
0012,3.5526315789473686,65.1665,23.2343
0012,3.5526315789473686,58.8033,17.6237
0012,3.5526315789473686,57.1313,17.596
0013,13.173333333333334,54.892,13.081
0013,13.173333333333334,55.067,13.266
0013,13.173333333333334,55.8537,16.4887
0013,13.173333333333334,60.0807,25.1223
0013,13.173333333333334,54.647,18.483
0013,13.173333333333334,54.373,19.585
0013,13.173333333333334,53.981,14.498
0013,13.173333333333334,54.666,18.833
0013,13.173333333333334,53.923,14.282
0013,13.173333333333334,54.517,18.572
0013,13.173333333333334,53.785,14.31
0013,13.173333333333334,54.3662,19.6665
0013,13.173333333333334,54.379,18.878
0013,13.173333333333334,62.8635,18.2647
0014,6.42421052631579,54.734,13.039
0014,6.42421052631579,55.116,13.495
0014,6.42421052631579,60.4932,27.1417
0014,6.42421052631579,54.728,18.403
0014,6.42421052631579,54.656,18.521
0014,6.42421052631579,53.848,14.623
0014,6.42421052631579,54.883,18.37
0014,6.42421052631579,53.943,14.235
0014,6.42421052631579,54.416,19.496
0014,6.42421052631579,53.673,14.525
0014,6.42421052631579,54.4448,19.7605
0014,6.42421052631579,54.567,18.683
0014,6.42421052631579,62.1005,18.548
0014,6.42421052631579,57.207,17.386
0014,6.42421052631579,63.525,19.8078
0014,6.42421052631579,59.8333,25.6167
0015,5.640476190476191,54.959,13.25
0015,5.640476190476191,54.783,13.497
0015,5.640476190476191,55.8762,16.4068
0015,5.640476190476191,60.5143,27.1538
0015,5.640476190476191,54.719,18.484
0015,5.640476190476191,54.656,18.521
0015,5.640476190476191,54.04,14.728
0015,5.640476190476191,54.875,18.083
0015,5.640476190476191,53.964,14.245
0015,5.640476190476191,54.49,18.818
0015,5.640476190476191,53.778,14.533
0015,5.640476190476191,54.113,15.065
0015,5.640476190476191,54.4472,19.7247
0015,5.640476190476191,54.483,18.577
0015,5.640476190476191,62.6522,18.9513
0015,5.640476190476191,63.5252,19.8082
0015,5.640476190476191,59.54,27.175
0016,4.8028571428571425,55.067,13.267
0016,4.8028571428571425,54.941,13.781
0016,4.8028571428571425,55.6245,14.7492
0016,4.8028571428571425,64.673,24.3732
0016,4.8028571428571425,54.647,18.483
0016,4.8028571428571425,54.656,18.521
0016,4.8028571428571425,54.016,14.639
0016,4.8028571428571425,54.833,17.535
0016,4.8028571428571425,54.006,14.233
0016,4.8028571428571425,54.379,18.878
0016,4.8028571428571425,53.762,14.406
0016,4.8028571428571425,54.167,15.291
0016,4.8028571428571425,54.4513,19.6688
0016,4.8028571428571425,54.517,18.572
0016,4.8028571428571425,62.1,18.5487
0016,4.8028571428571425,63.525,19.8082
0017,5.204791666666667,55.121,13.502
0017,5.204791666666667,55.116,13.798
0017,5.204791666666667,55.8325,16.2213
0017,5.204791666666667,60.272,26.6302
0017,5.204791666666667,54.728,18.403
0017,5.204791666666667,53.981,14.498
0017,5.204791666666667,54.633,16.8
0017,5.204791666666667,54.383,18.968
0017,5.204791666666667,53.785,14.31
0017,5.204791666666667,54.204,15.557
0017,5.204791666666667,54.3938,19.64
0017,5.204791666666667,61.1835,18.2333
0017,5.204791666666667,58.8033,17.6237
0017,5.204791666666667,63.525,19.8082
0017,5.204791666666667,59.7167,25.0167
0018,9.674545454545456,55.117,13.799
0018,9.674545454545456,55.15,14.032
0018,9.674545454545456,60.195,25.0838
0018,9.674545454545456,54.719,18.484
0018,9.674545454545456,53.848,14.623
0018,9.674545454545456,54.45,15.983
0018,9.674545454545456,54.574,16.704
0018,9.674545454545456,53.673,14.525
0018,9.674545454545456,54.295,16.125
0018,9.674545454545456,54.3318,19.5203
0018,9.674545454545456,62.6527,18.9523
0018,9.674545454545456,63.4997,19.819
0019,5.932857142857143,55.148,14.031
0019,5.932857142857143,55.018,14.026
0019,5.932857142857143,55.8822,16.096800000000002
0019,5.932857142857143,60.2822,26.8935
0019,5.932857142857143,54.256,15.533
0019,5.932857142857143,54.594,16.868
0019,5.932857142857143,53.778,14.533
0019,5.932857142857143,54.451,16.361
0019,5.932857142857143,54.3662,19.45
0019,5.932857142857143,62.864,18.2623
0019,5.932857142857143,57.7082,17.4815
0019,5.932857142857143,63.525,19.8082
0019,5.932857142857143,59.6083,24.35
0020,9.9475,55.017,14.033
0020,9.9475,55.292,15.75
0020,9.9475,60.3753,26.8952
0020,9.9475,54.066,14.691
0020,9.9475,54.675,17.05
0020,9.9475,53.762,14.406
0020,9.9475,54.113,15.065
0020,9.9475,54.3005,19.2965
0020,9.9475,63.5,19.817
0020,9.9475,63.4997,19.8193
0020,9.9475,55.63,20.8
0021,13.866666666666667,54.941,13.784
0021,13.866666666666667,55.251,17.584
0021,13.866666666666667,55.8567,16.0153
0021,13.866666666666667,61.2322,21.575
0021,13.866666666666667,54.066,14.25
0021,13.866666666666667,54.72,18.646
0021,13.866666666666667,53.785,14.31
0021,13.866666666666667,54.167,15.291
0021,13.866666666666667,54.2892,19.427
0021,13.866666666666667,64.708,22.0673
0021,13.866666666666667,57.8688,17.3402
0022,2.2685714285714287,54.941,13.5
0022,2.2685714285714287,55.251,17.584
0022,2.2685714285714287,55.1108,15.25
0022,2.2685714285714287,63.231,22.0223
0022,2.2685714285714287,54.741,15.133
0022,2.2685714285714287,54.794,18.437
0022,2.2685714285714287,53.673,14.525
0022,2.2685714285714287,54.204,15.557
0022,2.2685714285714287,65.1667,23.2328
0022,2.2685714285714287,58.8033,17.6237
0023,4.091538461538462,54.784,13.503
0023,4.091538461538462,55.15,18.415
0023,4.091538461538462,55.797,15.978
0023,4.091538461538462,54.7888,15.061
0023,4.091538461538462,60.403,26.9512
0023,4.091538461538462,55.25,15.983
0023,4.091538461538462,54.843,18.344
0023,4.091538461538462,53.762,14.406
0023,4.091538461538462,54.295,16.125
0023,4.091538461538462,65.8073,22.3753
0023,4.091538461538462,59.325,23.2667
0024,3.782857142857143,54.867,14.033
0024,3.782857142857143,55,18.684
0024,3.782857142857143,60.435,26.8022
0024,3.782857142857143,54.925,16.45
0024,3.782857142857143,54.797,18.419
0024,3.782857142857143,53.778,14.533
0024,3.782857142857143,54.451,16.361
0024,3.782857142857143,65.7302,22.4465
0025,6.266153846153846,54.975,14.266
0025,6.266153846153846,54.899,18.9
0025,6.266153846153846,55.7258,16.2443
0025,6.266153846153846,54.7862,15.0102
0025,6.266153846153846,60.468,26.9038
0025,6.266153846153846,55.216,17.066
0025,6.266153846153846,54.817,17.83
0025,6.266153846153846,53.785,14.31
0025,6.266153846153846,54.113,15.065
0025,6.266153846153846,54.3318,19.5203
0025,6.266153846153846,63.4993,19.8182
0025,6.266153846153846,57.8475,18.4737
0025,6.266153846153846,59.3833,21.8167
0026,3.1814285714285715,55.079,14.352
0026,3.1814285714285715,54.816,19.132
0026,3.1814285714285715,60.362,27.1087
0026,3.1814285714285715,55.291,18
0026,3.1814285714285715,54.779,17.555
0026,3.1814285714285715,54.167,15.291
0026,3.1814285714285715,54.2892,19.427
0026,3.1814285714285715,62.8633,18.2628
0027,4.6230769230769235,55.116,14.259
0027,4.6230769230769235,54.716,19.283
0027,4.6230769230769235,55.7318,16.103
0027,4.6230769230769235,54.6175,14.7147
0027,4.6230769230769235,60.1552,22.5562
0027,4.6230769230769235,55.555,18.4
0027,4.6230769230769235,54.416,19.496
0027,4.6230769230769235,54.204,15.557
0027,4.6230769230769235,54.3005,19.2965
0027,4.6230769230769235,62.0995,18.5483
0027,4.6230769230769235,58.8033,17.6237
0028,6.13125,55.186,14.405
0028,6.13125,54.9,19.2
0028,6.13125,60.3468,23.0425
0028,6.13125,55.35,19.066
0028,6.13125,54.49,18.818
0028,6.13125,54.295,16.125
0028,6.13125,54.3662,19.45
0028,6.13125,62.6543,18.9492
0028,6.13125,58.2273,18.574
0029,7.71875,55.25,14.5
0029,7.71875,55,19.083
0029,7.71875,55.7467,15.6318
0029,7.71875,63.8782,22.989
0029,7.71875,54.833,19.333
0029,7.71875,54.383,18.968
0029,7.71875,54.451,16.361
0029,7.71875,54.3662,19.6665
0029,7.71875,64.7083,22.0655
0029,7.71875,58.2348,17.4173
0030,9.19375,55.348,14.633
0030,9.19375,55.166,18.816
0030,9.19375,54.6458,15.16
0030,9.19375,63.9023,23.1205
0030,9.19375,54.651,19.293
0030,9.19375,54.379,18.878
0030,9.19375,53.923,14.282
0030,9.19375,54.4448,19.7605
0030,9.19375,65.1662,23.2322
0030,9.19375,58.4203,17.5558
0031,6.04625,55.292,15.75
0031,6.04625,55.249,18.617
0031,6.04625,55.7662,15.4613
0031,6.04625,59.7737,23.2617
0031,6.04625,54.408,19.441
0031,6.04625,54.567,18.683
0031,6.04625,53.943,14.235
0031,6.04625,54.4472,19.7247
0031,6.04625,65.73,22.4467
0031,6.04625,58.3645,18.2957
0032,4.399696969696969,55.249,17.584
0032,4.399696969696969,55.383,18.317
0032,4.399696969696969,60.289,22.8735
0032,4.399696969696969,54.5,19.113
0032,4.399696969696969,54.669,18.669
0032,4.399696969696969,53.964,14.245
0032,4.399696969696969,54.4513,19.6688
0032,4.399696969696969,65.7298,22.4472
0032,4.399696969696969,58.8033,17.6237
0032,4.399696969696969,58.583,18.3975
0032,4.399696969696969,57.975,20.5333
0033,13.533333333333333,55.233,17.916
0033,13.533333333333333,55.616,18.314
0033,13.533333333333333,55.6858,15.0375
0033,13.533333333333333,60.464,26.7468
0033,13.533333333333333,54.619,18.558
0033,13.533333333333333,54.006,14.233
0033,13.533333333333333,54.3938,19.64
0033,13.533333333333333,65.8075,22.375
0033,13.533333333333333,58.8812,18.6512
0034,2.155,55.15,18.417
0034,2.155,55.882,18.198
0034,2.155,60.5422,27.015
0034,2.155,54.483,18.577
0034,2.155,65.1668,23.2323
0034,2.155,58.812,19.1308
0035,0.9777777777777777,55,18.682
0035,0.9777777777777777,55.917,18.487
0035,0.9777777777777777,55.6533,15.1365
0035,0.9777777777777777,60.5552,27.2148
0035,0.9777777777777777,55.6175,14.8677
0035,0.9777777777777777,54.517,18.572
0035,0.9777777777777777,64.7085,22.0673
0035,0.9777777777777777,59.098,19.3482
0036,1.56,54.9,18.9
0036,1.56,55.951,18.713
0036,1.56,54.9637,15.5043
0036,1.56,60.0708,24.3627
0036,1.56,56.3707,16.2015
0036,1.56,54.72,18.646
0036,1.56,63.5247,19.808
0036,1.56,59.0917,19.6238
0037,3.697222222222222,54.817,19.133
0037,3.697222222222222,55.95,19.05
0037,3.697222222222222,55.6428,15.14
0037,3.697222222222222,60.0102,24.1312
0037,3.697222222222222,57.1172,17.6687
0037,3.697222222222222,54.794,18.437
0037,3.697222222222222,54.3318,19.5203
0037,3.697222222222222,62.6528,18.9522
0037,3.697222222222222,58.8033,17.6237
0037,3.697222222222222,58.9468,20.2223
0038,7.978095238095238,54.716,19.28
0038,7.978095238095238,55.61,15.821
0038,7.978095238095238,62.9852,21.033
0038,7.978095238095238,58.0167,17.9845
0038,7.978095238095238,54.843,18.344
0038,7.978095238095238,54.2892,19.427
0038,7.978095238095238,62.8637,18.2633
0038,7.978095238095238,58.6182,20.2863
0038,7.978095238095238,59.4067,27.7833
0039,12.96,54.9,19.206
0039,12.96,55.216,15.597
0039,12.96,55.5738,15.0933
0039,12.96,61.982,21.3145
0039,12.96,58.8818,20.3277
0039,12.96,54.797,18.419
0039,12.96,54.3005,19.2965
0039,12.96,62.1,18.5478
0039,12.96,58.6508,19.7205
0040,6.859999999999999,55,19.083
0040,6.859999999999999,55.085,15.739
0040,6.859999999999999,54.4355,15.1243
0040,6.859999999999999,62.2008,21.402
0040,6.859999999999999,60.0667,24.98
0040,6.859999999999999,54.817,17.83
0040,6.859999999999999,54.3662,19.45
0040,6.859999999999999,61.1832,18.2297
0040,6.859999999999999,58.383,19.499
0041,2.2,55.166,18.816
0041,2.2,54.736,15.335
0041,2.2,55.6027,15.3157
0041,2.2,65.5338,25.0962
0041,2.2,60.2508,27.2477
0041,2.2,54.779,17.555
0041,2.2,54.3662,19.6665
0041,2.2,62.0993,18.5495
0041,2.2,58.0962,19.4527
0042,11.907499999999999,55.25,18.617
0042,11.907499999999999,55.125,15.75
0042,11.907499999999999,54.5313,15.4548
0042,11.907499999999999,65.553,25.1043
0042,11.907499999999999,60.2032,26.1925
0042,11.907499999999999,54.567,18.683
0042,11.907499999999999,54.4448,19.7605
0042,11.907499999999999,62.6525,18.9522
0042,11.907499999999999,57.8208,19.3968
0043,18.753333333333334,55.39,18.318
0043,18.753333333333334,55.292,15.751
0043,18.753333333333334,55.5938,15.578
0043,18.753333333333334,60.403,26.9512
0043,18.753333333333334,60.0672,26.346800000000002
0043,18.753333333333334,54.669,18.669
0043,18.753333333333334,54.4472,19.7247
0043,18.753333333333334,62.8632,18.2652
0044,59.5,55.616,18.316
0044,59.5,55.291,16.001
0044,59.5,54.5353,15.7422
0044,59.5,63.231,22.0223
0044,59.5,59.8385,25.857
0044,59.5,54.619,18.558
0044,59.5,54.4513,19.6688
0044,59.5,63.4992,19.8192
0044,59.5,57.6708,19.371
0045,49.8,55.883,18.2
0045,49.8,55.292,16.25
0045,49.8,55.4707,15.8635
0045,49.8,60.3602,22.3202
0045,49.8,59.9168,25.5973
0045,49.8,54.383,18.968
0045,49.8,54.3938,19.64
0045,49.8,64.7077,22.0662
0045,49.8,57.3518,19.6367
0046,34.215,55.917,18.483
0046,34.215,55.458,16.251
0046,34.215,54.4198,15.991
0046,34.215,60.4395,22.0907
0046,34.215,59.9168,25.0302
0046,34.215,54.379,18.878
0046,34.215,54.3662,19.6665
0046,34.215,65.7295,22.4468
0046,34.215,57.1303,19.6947
0047,38.53333333333333,55.95,18.714
0047,38.53333333333333,55.459,16.003
0047,38.53333333333333,55.5293,16.1743
0047,38.53333333333333,60.4462,22.072
0047,38.53333333333333,59.8465,24.838
0047,38.53333333333333,54.49,18.818
0047,38.53333333333333,54.4448,19.7605
0047,38.53333333333333,65.8078,22.3745
0047,38.53333333333333,57.1532,18.8785
0048,10.468,55.951,19.05
0048,10.468,55.458,15.75
0048,10.468,54.6298,15.5057
0048,10.468,65.3837,24.8962
0048,10.468,59.7048,24.6818
0048,10.468,54.483,18.577
0048,10.468,54.4472,19.7247
0048,10.468,65.1667,23.2322
0048,10.468,58.8033,17.6237
0048,10.468,56.8725,18.7715
0049,34.5,55.95,19.048
0049,34.5,55.459,15.501
0049,34.5,55.2848,15.9953
0049,34.5,65.3497,25.2162
0049,34.5,59.7002,24.0302
0049,34.5,54.517,18.572
0049,34.5,54.4513,19.6688
0049,34.5,63.5247,19.8082
0049,34.5,56.557,18.8905
0050,12,56.093,19.102
0050,12,55.457,15.247
0050,12,54.6317,15.7443
0050,12,65.2505,25.1628
0050,12,59.8668,23.9798
0050,12,54.416,19.496
0050,12,54.3938,19.64
0050,12,62.8635,18.2627
0050,12,57.0433,17.7825
0051,30.23333333333333,56.25,18.999
0051,30.23333333333333,55.459,15.001
0051,30.23333333333333,62.3408,21.3243
0051,30.23333333333333,59.5818,23.6267
0051,30.23333333333333,54.843,18.344
0051,30.23333333333333,54.3318,19.5203
0051,30.23333333333333,62.1002,18.5488
0051,30.23333333333333,56.7762,17.7647
0052,74.95,56.5335,18.9997
0052,74.95,55.459,14.751
0052,74.95,55.1453,16.0948
0052,74.95,62.735,21.1645
0052,74.95,59.5312,23.489
0052,74.95,54.794,18.437
0052,74.95,54.2892,19.427
0052,74.95,62.6532,18.952
0052,74.95,56.7473,17.3195
0053,10.505,56.7,19
0053,10.505,55.292,14.999
0053,10.505,60.422,22.1742
0053,10.505,59.3335,23.2635
0053,10.505,54.797,18.419
0053,10.505,54.3005,19.2965
0053,10.505,64.7098,22.0667
0053,10.505,56.5988,16.9328
0054,20.5,56.534,18.766
0054,20.5,55.291,15.288
0054,20.5,55.038,15.6677
0054,20.5,55.1242,16.4997
0054,20.5,64.3505,23.8462
0054,20.5,59.3335,23.2635
0054,20.5,54.72,18.646
0054,20.5,54.3662,19.45
0054,20.5,65.1667,23.2323
0054,20.5,56.4072,17.2463
0055,3,55.619,16.004
0055,3,55.291,15.499
0055,3,64.218,23.6748
0055,3,59.7768,23.2628
0055,3,54.594,16.868
0055,3,65.8075,22.375
0055,3,56.1183,17.7682
0056,1.3725,55.625,16.248
0056,1.3725,55.126,15.754
0056,1.3725,55.4588,14.7475
0056,1.3725,55.1272,16.2568
0056,1.3725,60.2972,25.9163
0056,1.3725,54.574,16.704
0056,1.3725,65.731,22.4458
0056,1.3725,58.8033,17.6237
0056,1.3725,56.2705,18.4293
0057,2.1,55.624,16.5
0057,2.1,55.126,15.501
0057,2.1,60.254,22.4273
0057,2.1,59.8137,21.3362
0057,2.1,54.675,17.05
0057,2.1,65.1662,23.2323
0058,86.6,55.792,16.499
0058,86.6,55.126,15.251
0058,86.6,55.626,14.7462
0058,86.6,54.8238,15.921
0058,86.6,60.3143,22.5058
0058,86.6,60.0583,21.1982
0058,86.6,54.383,18.968
0058,86.6,54.3318,19.5203
0058,86.6,64.7078,22.0662
0059,54.05,55.792,16.25
0059,54.05,54.96,15.249
0059,54.05,60.3787,22.5992
0059,54.05,60.3332,21.1137
0059,54.05,54.517,18.572
0059,54.05,54.2892,19.427
0059,54.05,62.6525,18.9525
0060,44.15,55.792,15.999
0060,44.15,54.956,15.497
0060,44.15,54.8538,15.7713
0060,44.15,60.406,26.4913
0060,44.15,60.767,20.8465
0060,44.15,54.483,18.577
0060,44.15,54.3005,19.2965
0060,44.15,62.0993,18.5507
0061,32.06666666666666,55.625,15.751
0061,32.06666666666666,54.958,15.748
0061,32.06666666666666,60.4472,26.6237
0061,32.06666666666666,61.1255,20.9327
0061,32.06666666666666,54.567,18.683
0061,32.06666666666666,54.3662,19.45
0061,32.06666666666666,61.1842,18.2338
0062,15.028888888888888,55.625,15.499
0062,15.028888888888888,54.794,15.752
0062,15.028888888888888,55.46,15.2498
0062,15.028888888888888,54.8518,15.686
0062,15.028888888888888,60.4873,21.969
0062,15.028888888888888,61.0837,20.5962
0062,15.028888888888888,54.669,18.669
0062,15.028888888888888,54.3938,19.64
0062,15.028888888888888,62.8633,18.2657
0062,15.028888888888888,58.8033,17.6237
0063,14.411111111111111,55.625,15.25
0063,14.411111111111111,54.791,15.502
0063,14.411111111111111,60.3845,22.1978
0063,14.411111111111111,61.1083,20.2663
0063,14.411111111111111,54.619,18.558
0063,14.411111111111111,54.4513,19.6688
0063,14.411111111111111,63.4997,19.8202
0063,14.411111111111111,58.8033,17.6237
0064,26.075,55.624,15.001
0064,26.075,54.792,15.251
0064,26.075,55.4618,14.9968
0064,26.075,60.1958,24.9938
0064,26.075,61.0832,19.5795
0064,26.075,54.49,18.818
0064,26.075,54.4472,19.7247
0065,32.6,55.623,14.752
0065,32.6,54.792,15
0065,32.6,54.8697,15.2922
0065,32.6,65.1338,24.5962
0065,32.6,61.7668,20.5303
0065,32.6,54.383,18.968
0065,32.6,54.4448,19.7605
0066,38.56666666666666,55.46,14.749
0066,38.56666666666666,54.626,15.25
0066,38.56666666666666,60.3787,22.5992
0066,38.56666666666666,61.8007,20.2348
0066,38.56666666666666,54.379,18.878
0066,38.56666666666666,54.3662,19.6665
0067,8.6,55.458,14.999
0067,8.6,54.63,15.506
0067,8.6,55.3168,15.0353
0067,8.6,65.6193,24.3477
0067,8.6,61.9835,20.0628
0067,8.6,54.416,19.496
0068,2.0522222222222224,55.464,15.25
0068,2.0522222222222224,54.625,15.751
0068,2.0522222222222224,54.9517,16.0025
0068,2.0522222222222224,60.1955,24.8485
0068,2.0522222222222224,61.9838,19.1637
0068,2.0522222222222224,54.817,17.83
0068,2.0522222222222224,58.8033,17.6237
0069,3.7,55.458,15.5
0069,3.7,54.792,16.001
0069,3.7,55.3615,15.0972
0069,3.7,60.5917,21.7577
0069,3.7,62.6,20.8283
0069,3.7,54.779,17.555
0071,6.8,55.458,15.999
0071,6.8,54.959,16.002
0071,6.8,55.3667,15.2517
0071,6.8,60.5757,21.7892
0071,6.8,62.5863,19.9702
0071,6.8,54.72,18.646
0072,4.2,55.47,16.041
0072,4.2,55.126,16.004
0072,4.2,60.6095,21.8113
0072,4.2,62.5863,19.97
0072,4.2,54.794,18.437
0073,3.5,55.458,16.249
0073,3.5,55.124,16.249
0073,3.5,55.3628,15.3795
0073,3.5,65.6832,24.2432
0073,3.5,63.5152,21.0662
0073,3.5,54.797,18.419
0074,2.7555555555555555,55.457,16.501
0074,2.7555555555555555,55.126,16.5
0074,2.7555555555555555,54.9005,15.1888
0074,2.7555555555555555,65.732,24.323
0074,2.7555555555555555,63.3145,20.2722
0074,2.7555555555555555,54.843,18.344
0074,2.7555555555555555,58.8033,17.6237
0075,2.7,55.292,16.499
0075,2.7,55.291,16.501
0075,2.7,61.6015,21.5567
0075,2.7,62.7588,19.1955
0075,2.7,54.49,18.818
0076,3.0999999999999996,55.299,16.254
0076,3.0999999999999996,55.46,16.504
0076,3.0999999999999996,55.0752,15.191
0076,3.0999999999999996,55.038,15.248
0076,3.0999999999999996,61.6687,21.4768
0076,3.0999999999999996,62.1337,18.162
0076,3.0999999999999996,54.383,18.968
0077,2.6,55.292,15.999
0077,2.6,55.625,16.501
0077,2.6,63.2732,21.9372
0077,2.6,62.1167,17.846800000000002
0077,2.6,54.379,18.878
0078,4.45,55.292,15.749
0078,4.45,55.792,16.504
0078,4.45,55.4583,15.5082
0078,4.45,55.0907,15.5693
0078,4.45,60.7842,21.3145
0078,4.45,61.2332,17.6633
0078,4.45,54.567,18.683
0079,4.4,55.291,15.5
0079,4.4,55.792,16.254
0079,4.4,60.7867,21.203
0079,4.4,61.1835,18.2303
0079,4.4,54.669,18.669
0080,1.5,55.291,15.283
0080,1.5,55.793,16.005
0080,1.5,55.0333,15.6462
0080,1.5,63.2937,21.3045
0080,1.5,60.898,18.601
0080,1.5,54.619,18.558
0081,2.715,55.291,15.001
0081,2.715,55.625,16.249
0081,2.715,55.4588,15.7528
0081,2.715,63.2282,21.6755
0081,2.715,60.5328,18.9388
0081,2.715,54.483,18.577
0081,2.715,58.8033,17.6237
0082,1,55.129,15.254
0082,1,55.624,16.005
0082,1,63.275,21.1078
0082,1,60.189,19.142
0082,1,54.517,18.572
0083,2.8,55.125,15.498
0083,2.8,55.625,15.752
0083,2.8,55.2913,15.7547
0083,2.8,60.7935,21.3605
0083,2.8,59.7835,19.9298
0083,2.8,54.574,16.704
0084,2.7,55.126,15.743
0084,2.7,55.624,15.499
0084,2.7,65.6397,24.4937
0084,2.7,59.6633,19.8832
0084,2.7,54.594,16.868
0085,3.435,55.125,16
0085,3.435,55.626,15.251
0085,3.435,55.2927,15.5043
0085,3.435,60.195,25.0838
0085,3.435,59.25,20.9973
0085,3.435,54.675,17.05
0085,3.435,58.4488,20.9005
0086,1,55.123,16.252
0086,1,55.622,15.001
0086,1,60.3907,26.1245
0086,1,59.0333,21.0793
0086,1,54.669,18.669
0087,1.49125,55.125,16.5
0087,1.49125,55.626,14.75
0087,1.49125,62.9852,21.033
0087,1.49125,54.619,18.558
0087,1.49125,58.8033,17.6237
0088,7.1,54.959,16.251
0088,7.1,55.175,14.415
0088,7.1,55.1002,15.5397
0088,7.1,60.3888,27.289
0088,7.1,59.1833,21.7467
0088,7.1,54.416,19.496
0089,2.04,54.959,16.001
0089,2.04,54.975,14.267
0089,2.04,60.437,27.1335
0089,2.04,59.4835,22.8965
0089,2.04,54.817,17.83
0090,2.18,54.959,15.752
0090,2.18,54.975,14.267
0090,2.18,54.9465,15.6315
0090,2.18,55.299,15.7163
0090,2.18,60.4772,27.3385
0090,2.18,59.299,21.553
0090,2.18,54.779,17.555
0091,5.15,54.958,15.5
0091,5.15,54.783,13.782
0091,5.15,61.8748,21.4433
0091,5.15,59.042,21.1012
0091,5.15,54.843,18.344
0092,0.52,54.959,15.253
0092,0.52,54.782,13.501
0092,0.52,54.8518,15.6843
0092,0.52,63.7208,22.6768
0092,0.52,58.882,20.3275
0092,0.52,54.72,18.646
0093,1.93,54.793,15.001
0093,1.93,62.943,21.266
0093,1.93,58.442,20.334
0093,1.93,54.794,18.437
0094,0.77125,54.792,15.247
0094,0.77125,54.7962,15.0557
0094,0.77125,55.4582,15.7427
0094,0.77125,60.3887,27.6552
0094,0.77125,57.9982,19.8788
0094,0.77125,54.797,18.419
0094,0.77125,58.8033,17.6237
0095,9.1,54.79,15.499
0095,9.1,60.4052,26.8725
0095,9.1,57.5507,20.1612
0095,9.1,54.817,17.83
0096,1.6372727272727272,54.792,15.751
0096,1.6372727272727272,55.125,15.2482
0096,1.6372727272727272,55.2797,15.9967
0096,1.6372727272727272,60.434,27.3873
0096,1.6372727272727272,57.3873,19.4337
0096,1.6372727272727272,54.779,17.555
0096,1.6372727272727272,58.5833,18.2333
0097,0.9805882352941176,54.792,16
0097,0.9805882352941176,63.2282,21.6755
0097,0.9805882352941176,57.3122,20.0757
0097,0.9805882352941176,58.5833,18.2333
0098,2.398,54.625,15.751
0098,2.398,54.9582,15.5008
0098,2.398,62.8957,21.3942
0098,2.398,57.312,20.0757
0098,2.398,58.8833,20.3167
0099,2.083,54.625,15.501
0099,2.083,55.1568,15.9813
0099,2.083,62.9745,21.1087
0099,2.083,57.0743,19.8425
0099,2.083,58.5833,18.2333
00F1,6.41,59.9167,26.3417
00F3,4.787142857142857,59.8383,24.8383
00G1,6.4096,57.6167,23.6167
00H1,4.503333333333334,59.4833,22.95
00H2,4.313548387096774,59.0333,21.0833
00K2,8.508,58.0667,23.9533
00K4,11.614,58.2505,24.4468
00K5,9.41,58.3397,24.4188
00K7,10.829,58.2673,24.3173
00N8,6.359,59.4748,27.9763
00V5,2.0166666666666666,58.925,23.1667
0100,1.166,54.626,15.253
0100,1.166,60.3122,22.0458
0100,1.166,56.6338,19.5855
0100,1.166,58.5833,18.2333
0100,1.166,58.8033,17.6237
0101,3.94,55.35,16.8
0101,3.94,54.7942,15.2523
0101,3.94,55.0888,16.4243
0101,3.94,60.3777,22.1023
0101,3.94,56.1252,19.2833
0101,3.94,58.8833,20.3167
0102,2.2585714285714285,55.349,17.083
0102,2.2585714285714285,60.4667,27.52
0102,2.2585714285714285,55.3508,19.0582
0102,2.2585714285714285,58.5833,18.2333
0103,2.118,55.351,17.363
0103,2.118,55.0355,16.3598
0103,2.118,63.74,22.5525
0103,2.118,54.8335,19.3333
0103,2.118,58.5833,18.2333
0104,2.083846153846154,55.416,17.583
0104,2.083846153846154,60.8095,21.3793
0104,2.083846153846154,55.5553,18.4002
0104,2.083846153846154,58.8833,20.3167
0105,1.394,55.25,17.585
0105,1.394,55.2827,16.498
0105,1.394,60.0943,21.3982
0105,1.394,55.2165,17.068
0105,1.394,58.5833,18.2333
0106,1.1823529411764706,55.233,17.367
0106,1.1823529411764706,54.4318,15.1223
0106,1.1823529411764706,60.473,27.7205
0106,1.1823529411764706,55.275,16.5167
0106,1.1823529411764706,58.5833,18.2333
0106,1.1823529411764706,58.8033,17.6237
0107,2.2983333333333333,55.249,17.083
0107,2.2983333333333333,65.5933,24.747
0107,2.2983333333333333,55.25,15.9842
0107,2.2983333333333333,58.8833,20.3167
0107,2.2983333333333333,57.85,23.9167
0108,0.8038888888888889,55.233,16.8
0108,0.8038888888888889,54.5273,15.4423
0108,0.8038888888888889,55.7882,16.2473
0108,0.8038888888888889,65.6077,24.5235
0108,0.8038888888888889,55.383,15.3338
0108,0.8038888888888889,58.5833,18.2333
0109,1.4311764705882353,55.292,15.748
0109,1.4311764705882353,63.3503,21.5295
0109,1.4311764705882353,55.3187,14.4828
0109,1.4311764705882353,58.5833,18.2333
0109,1.4311764705882353,58.8033,17.6237
0110,3.0020000000000002,54.6402,15.5183
0110,3.0020000000000002,63.4042,21.9897
0110,3.0020000000000002,58.8833,20.3167
0111,2.4686666666666666,63.231,22.0223
0111,2.4686666666666666,58.5833,18.2333
0111,2.4686666666666666,57.8133,22.8883
0114,3.16,54.6568,15.9057
0114,3.16,60.672,21.3188
0114,3.16,58.8033,17.6237
0114,3.16,57.8167,22.2833
0119,1.5614285714285714,54.9595,15.759
0119,1.5614285714285714,55.3358,16.0733
0119,1.5614285714285714,65.599,24.9148
0119,1.5614285714285714,58.8033,17.6237
0122,0.9142857142857144,60.5492,27.7552
0122,0.9142857142857144,55.0158,13.3007
0123,0.9285714285714286,55.466,15.9613
0123,0.9285714285714286,60.5283,27.765
0123,0.9285714285714286,54.9712,14.0987
0124,0.5875,54.9587,15.9978
0124,0.5875,63.231,22.0223
0124,0.5875,55.6175,14.8672
0125,3.945,64.673,24.3732
0125,3.945,55.8002,15.3347
0125,3.945,58.2,23.4
0126,4.475,63.919,22.9802
0126,4.475,56.3668,16.2007
0128,0.2625,54.7327,15.9462
0128,0.2625,55.7778,17.7037
0128,0.2625,64.663,24.3937
0128,0.2625,57.1172,17.6687
012c,6.058,59.4667,27.0167
0130,0.375,54.787,15.9903
0130,0.375,56.0567,17.7487
0130,0.375,59.9377,21.658
0130,0.375,58.0167,17.9843
0131,0.7375,60.5952,21.0943
0131,0.7375,58.5937,18.2363
0139,4.2,59.9203,23.3322
0139,4.2,61.0832,19.5798
0140,6.1,55.6417,16.6958
0140,6.1,60.022,23.4745
0140,6.1,61.1833,18.2302
0141,3.2,59.9685,23.4028
0141,3.2,62.1167,17.846
0146,4,55.7018,16.1625
0146,4,60.403,26.9512
0146,4,62.6003,20.2632
0155,27,55.0537,16.1508
0155,27,60.1343,24.855
0155,27,65.3998,23.1065
0156,2.5,55.7613,15.3672
0156,2.5,60.1958,24.9938
0158,28,55.6447,15.7955
0158,28,60.1962,25.1985
0158,28,64.9588,21.8555
0159,21,60.195,25.0838
0159,21,63.783,21.4798
0164,1.675,55.3732,15.2563
0164,1.675,61.7927,21.2902
0164,1.675,59.7832,19.93
0164,1.675,55.6173,14.8673
0165,2.772857142857143,55.6252,15.7477
0165,2.772857142857143,61.8748,21.4433
0165,2.772857142857143,59.9653,25.2333
0165,2.772857142857143,54.581,18.79
0165,2.772857142857143,56.3708,16.202
0166,1.3645454545454545,55.4707,15.2105
0166,1.3645454545454545,61.8283,21.3998
0166,1.3645454545454545,59.493,22.3315
0166,1.3645454545454545,55.35,19.066
0166,1.3645454545454545,57.1223,17.67
0167,1.205,55.4582,15.895
0167,1.205,60.5952,21.0943
0167,1.205,58.934,19.1623
0167,1.205,55.555,18.4
0167,1.205,58.0172,17.9847
0168,2.116875,55.5767,15.0908
0168,2.116875,60.5915,21.4335
0168,2.116875,58.0168,17.9845
0168,2.116875,55.291,18
0168,2.116875,58.5948,18.2367
0169,1.3972727272727272,55.3292,16.2957
0169,1.3972727272727272,60.3437,26.5903
0169,1.3972727272727272,57.1172,17.6685
0169,1.3972727272727272,55.216,17.066
0169,1.3972727272727272,60.5402,18.931
0170,5.725,55.6305,15.0598
0170,5.725,60.3887,27.6552
0170,5.725,56.3707,16.2022
0170,5.725,54.925,16.45
0170,5.725,61.0837,19.5845
0171,2.479090909090909,55.2677,16.0928
0171,2.479090909090909,63.231,22.0223
0171,2.479090909090909,55.6313,14.8675
0171,2.479090909090909,55.25,15.983
0171,2.479090909090909,61.1097,20.2657
0172,3.395,55.6893,15.0978
0172,3.395,61.5052,21.378
0172,3.395,54.9712,14.0988
0172,3.395,54.741,15.133
0172,3.395,61.1335,20.9335
0173,2.4988888888888887,55.2712,15.9807
0173,2.4988888888888887,61.5503,21.4548
0173,2.4988888888888887,55.0008,13.3008
0173,2.4988888888888887,54.066,14.25
0173,2.4988888888888887,61.9825,20.068
0174,2.46,55.4638,14.7402
0174,2.46,61.5785,21.3165
0174,2.46,54.066,14.691
0174,2.46,61.9835,19.1645
0175,1.94,61.4245,21.4273
0175,1.94,54.256,15.533
0175,1.94,62.5865,19.9717
0176,3.3566666666666665,61.5263,21.5003
0176,3.3566666666666665,54.45,15.983
0176,3.3566666666666665,62.601,20.8305
0177,16.033333333333335,60.403,26.9512
0177,16.033333333333335,54.633,16.8
0177,16.033333333333335,63.3093,20.2803
0178,6.543333333333333,60.4483,26.964
0178,6.543333333333333,54.833,17.535
0178,6.543333333333333,63.5257,21.0817
0179,6.425,55.2995,13.1667
0179,6.425,60.4932,27.1417
0179,6.425,54.875,18.083
0179,6.425,64.305,22.3585
0180,2.865,55.0838,13.1653
0180,2.865,60.5143,27.1538
0180,2.865,54.883,18.37
0180,2.865,64.7318,23.8165
0181,5.8933333333333335,54.9992,13.2755
0181,5.8933333333333335,65.7203,24.203
0181,5.8933333333333335,54.666,18.833
0181,5.8933333333333335,65.1668,23.233
0182,2.4072727272727272,54.9212,13.1678
0182,2.4072727272727272,59.7737,23.2617
0182,2.4072727272727272,55.3828,15.3337
0182,2.4072727272727272,54.833,19.333
0182,2.4072727272727272,64.9682,21.868
0183,4.41,54.7513,13.1687
0183,4.41,60.1807,25.6398
0183,4.41,55.25,15.9842
0183,4.41,54.651,19.293
0183,4.41,64.7092,22.0643
0184,3.559090909090909,54.666,13.5017
0184,3.559090909090909,59.7737,23.2617
0184,3.559090909090909,55.5553,18.4002
0184,3.559090909090909,54.408,19.441
0184,3.559090909090909,62.8502,18.8922
0185,2.2463636363636366,60.1875,25.364
0185,2.2463636363636366,56.6332,19.5843
0185,2.2463636363636366,54.5,19.113
0185,2.2463636363636366,62.6527,18.9527
0186,1.45,54.8735,13.498
0186,1.45,60.403,26.9512
0186,1.45,57.3123,20.0763
0186,1.45,62.1315,17.8752
0187,12,60.1958,24.9938
0187,12,57.3123,20.0763
0187,12,62.0982,18.5435
0188,2.0555555555555554,55.1197,13.4987
0188,2.0555555555555554,61.2282,21.447
0188,2.0555555555555554,57.9983,19.879
0188,2.0555555555555554,61.2325,17.6618
0189,3.7666666666666666,55.3002,13.5035
0189,3.7666666666666666,61.2515,21.5053
0189,3.7666666666666666,57.9982,19.8787
0189,3.7666666666666666,61.1842,18.2172
0190,5.283333333333333,55.25,15.9833
0190,5.283333333333333,55.3002,13.6675
0190,5.283333333333333,61.2813,21.4343
0190,5.283333333333333,57.4237,18.993
0190,5.283333333333333,60.1832,19.1517
0191,3.9283333333333332,55.25,15.9833
0191,3.9283333333333332,60.1343,24.855
0191,3.9283333333333332,57.3122,20.0762
0191,3.9283333333333332,59.6617,19.8848
0192,0.725,55.25,15.9833
0192,0.725,55.1662,13.8047
0192,0.725,60.2557,21.9533
0192,0.725,57.3122,20.0762
0192,0.725,58.882,20.3273
0193,1.925,55.25,15.9833
0193,1.925,60.0102,24.1312
0193,1.925,56.6337,19.5847
0193,1.925,57.9985,19.8788
0194,2.6222222222222222,55.25,15.9833
0194,2.6222222222222222,54.9635,13.8425
0194,2.6222222222222222,62.3697,21.2745
0194,2.6222222222222222,55.5553,18.4
0194,2.6222222222222222,57.3122,20.0762
0195,2.795238095238095,55.25,15.9833
0195,2.795238095238095,54.7778,13.8325
0195,2.795238095238095,60.0167,24.585
0195,2.795238095238095,55.25,15.9837
0195,2.795238095238095,56.6338,19.584
0196,3.2588235294117647,54.5333,13.8315
0196,3.2588235294117647,60.1962,25.1985
0196,3.2588235294117647,55.3833,15.3338
0196,3.2588235294117647,55.2502,15.9842
0197,2.3555555555555556,54.9583,14.8843
0197,2.3555555555555556,60.195,25.0838
0197,2.3555555555555556,55.309,14.599
0197,2.3555555555555556,55.383,15.334
0198,2.88,54.822,14.8825
0198,2.88,60.0807,25.1223
0198,2.88,54.9712,14.0987
0198,2.88,54.9713,14.0992
0199,1.8733333333333333,54.6088,14.6737
0199,1.8733333333333333,60.1955,24.8485
0199,1.8733333333333333,55.0158,13.3008
0199,1.8733333333333333,55.016,13.301
0203,20,54.856,14.2045
0203,20,60.403,26.9512
0204,24,54.999,14.188
0204,24,60.4483,26.964
0205,22,55.1253,14.3587
0205,22,60.4932,27.1417
0206,34,55.0557,14.5527
0206,34,60.5143,27.1538
0207,4.3,55.1667,14.5497
0207,4.3,63.74,22.5525
0208,14,55.2722,14.5513
0208,14,60.0807,25.1223
020A,5.083333333333333,55.65,20.83
0210,15,60.3122,22.0458
0211,2.688888888888889,55.4847,14.5493
0211,2.688888888888889,60.3777,22.1023
0211,2.688888888888889,55.6173,14.867
0212,3.7800000000000002,60.4395,22.0907
0212,3.7800000000000002,56.3708,16.2017
0213,12,55.6077,14.6323
0213,12,60.4873,21.969
0213,12,56.1667,16.6502
0214,4.144444444444445,55.7345,14.551
0214,4.144444444444445,60.0167,24.585
0214,4.144444444444445,57.1172,17.6685
0215,2.4,63.231,22.0223
0215,2.4,58.0167,17.9843
0216,4.3,55.9037,14.8825
0216,4.3,60.2557,21.9533
0216,4.3,58.8818,20.3278
0220,15,54.8147,15.2482
0220,15,60.1958,24.9938
0220,15,59.7562,21.3693
0221,14,55.0538,15.2502
0221,14,60.3753,26.8952
0221,14,59.7555,21.3655
0222,12,60.406,26.4913
0222,12,59.3783,21.441
0223,22,55.2505,15.2515
0223,22,60.435,26.8022
0224,17,60.4472,26.6237
0225,10,55.3498,15.303
0225,10,60.272,26.6302
0227,1.6,60.7867,21.203
0230,10.216666666666667,60.403,26.9512
0230,10.216666666666667,60.067,26.3467
0231,16,55.8707,15.25
0231,16,60.4483,26.964
0231,16,60.25,27.247
0232,8.584999999999999,55.751,15.4982
0232,8.584999999999999,60.468,26.9038
0232,8.584999999999999,59.8387,25.8563
0233,12.25,55.6902,15.7492
0233,12.25,60.4795,26.9568
0233,12.25,59.9168,25.597
0234,12.19,60.2503,27.247
0234,12.19,59.9168,25.0298
0235,9.606,55.5453,15.7517
0235,9.606,62.9852,21.033
0235,9.606,59.8465,24.8378
0236,11.341666666666667,60.751,21.4168
0236,11.341666666666667,59.705,24.6822
0237,8.315999999999999,55.3602,15.7518
0237,8.315999999999999,60.7842,21.3145
0237,8.315999999999999,59.7002,24.0302
0238,8.1,60.7935,21.3605
0238,8.1,59.5818,23.627
0239,4.818333333333333,55.2083,15.7522
0239,4.818333333333333,60.8095,21.3793
0239,4.818333333333333,59.3333,23.2632
0240,6.09,55.2587,15.9978
0240,6.09,60.3887,27.6552
0240,6.09,59.1833,21.7468
0241,6.084,60.434,27.3873
0241,6.084,59.0333,21.0795
0242,6.995,55.306,16.2513
0242,6.995,60.437,27.1335
0242,6.995,59.6598,19.883
0243,8.1,55.5065,16.2483
0243,8.1,60.4932,27.1417
0243,8.1,59.7833,19.93
0244,6.58,55.6702,16.2512
0244,6.58,60.5143,27.1538
0244,6.58,60.1888,19.1428
0245,5.6819999999999995,60.0102,24.1312
0245,5.6819999999999995,60.5332,18.9378
0247,7.88,55.7722,16.256
0247,7.88,60.0167,24.585
0247,7.88,61.1833,18.23
0248,4.976,55.9995,16.2508
0248,4.976,63.231,22.0223
0248,4.976,61.2333,17.663
0249,6.12,56.1487,16.6425
0249,6.12,61.2282,21.447
0249,6.12,62.1167,17.8463
0250,5.522,61.2515,21.5053
0250,5.522,62.1345,18.1632
0251,4.614,56.464,16.7823
0251,4.614,63.4042,21.9897
0251,4.614,61.9835,19.1633
0252,5.508,60.2503,27.247
0252,5.508,61.9835,20.063
0254,5.22,55.4335,16.7455
0254,5.22,60.0807,25.1223
0254,5.22,61.7668,20.5305
0255,8.155,55.566,17.2507
0255,8.155,60.1958,24.9938
0255,8.155,61.1265,20.9298
0256,6.938,55.8118,17.2525
0256,6.938,60.2557,21.9533
0256,6.938,61.0835,20.5957
0257,5.9879999999999995,60.3437,26.5903
0257,5.9879999999999995,61.1083,20.2667
0258,6.598333333333334,55.9372,17.2532
0258,6.598333333333334,60.3772,26.3637
0258,6.598333333333334,61.0833,19.5795
0259,12,60.3638,26.33
0259,12,60.7667,20.8467
0260,17,60.403,26.9512
0260,17,60.3333,21.1133
0263,4.526,56.5008,17.2473
0263,4.526,60.5952,21.0943
0263,4.526,59.4835,22.8968
0264,9.465,56.4168,17.5008
0264,9.465,60.3468,23.0425
0264,9.465,59.5833,23.2965
0265,5.871666666666666,56.4987,17.7508
0265,5.871666666666666,60.3787,22.5992
0265,5.871666666666666,59.6907,23.257
0266,4.9,56.4302,17.7467
0266,4.9,60.7842,21.3145
0266,4.9,59.7728,23.2598
0267,9,56.2657,17.749
0267,9,60.8095,21.3793
0267,9,59.8668,23.9802
0270,4.731999999999999,59.777,23.2628
0270,4.731999999999999,59.1833,21.7468
0271,1.6111111111111112,55.921,17.7532
0271,1.6111111111111112,60.0807,25.1223
0271,1.6111111111111112,58.882,20.3175
0272,1.6222222222222222,55.7245,17.7498
0272,1.6222222222222222,60.3122,22.0458
0272,1.6222222222222222,57.998,19.8795
0273,1.7145454545454546,55.8052,17.9987
0273,1.7145454545454546,60.3777,22.1023
0273,1.7145454545454546,57.3122,20.0762
0273,1.7145454545454546,54.581,18.79
0274,2.73,56.0853,18.2488
0274,2.73,60.4395,22.0907
0274,2.73,57.3122,20.0763
0274,2.73,54.666,18.833
0275,1.2772727272727273,60.4462,22.072
0275,1.2772727272727273,56.6332,19.5837
0275,1.2772727272727273,54.883,18.37
0276,1.461818181818182,56.3328,18.249
0276,1.461818181818182,60.4873,21.969
0276,1.461818181818182,55.5545,18.4013
0276,1.461818181818182,54.875,18.083
0277,6.230833333333333,56.3913,18.5992
0277,6.230833333333333,60.1958,24.9938
0277,6.230833333333333,55.25,15.9842
0277,6.230833333333333,54.833,17.535
0278,1.544,55.8997,18.7493
0278,1.544,60.2557,21.9533
0278,1.544,55.3832,15.334
0278,1.544,54.633,16.8
0279,1.9375,60.3602,22.3202
0279,1.9375,55.3082,14.5992
0279,1.9375,54.45,15.983
0280,2.849,56.1822,18.7487
0280,2.849,60.422,22.1742
0280,2.849,54.9718,14.1007
0280,2.849,54.256,15.533
0281,2.617142857142857,60.3845,22.1978
0281,2.617142857142857,55.0157,13.3008
0281,2.617142857142857,54.066,14.691
0282,3.3,56.3828,18.984
0282,3.3,65.6193,24.3477
0282,3.3,53.948,14.263
0283,6.493333333333333,61.6015,21.5567
0283,6.493333333333333,54.066,14.25
0284,4.63,56.5005,18.7498
0284,4.63,61.6122,21.4657
0284,4.63,54.741,15.133
0285,1.4725,61.66,21.4048
0285,1.4725,55.25,15.983
0286,5.593333333333334,56.668,17.9995
0286,5.593333333333334,61.6687,21.4768
0286,5.593333333333334,54.925,16.45
0287,2,56.7508,18.2088
0287,2,61.701,21.3423
0287,2,54.938,16.662
0288,4.2275,56.77,18.598
0288,4.2275,61.726,21.4417
0288,4.2275,55.216,17.066
0289,2.2475,61.7927,21.2902
0289,2.2475,55.291,18
0290,0.84,56.6397,18.9417
0290,0.84,61.8283,21.3998
0290,0.84,55.555,18.4
0291,1.9966666666666668,61.9912,21.2253
0291,1.9966666666666668,55.35,19.066
0292,2.216666666666667,56.5108,19.3013
0292,2.216666666666667,63.2937,21.3045
0292,2.216666666666667,54.833,19.333
0293,4.195,59.9883,24.0098
0293,4.195,55.3428,14.3482
0293,4.195,54.651,19.293
0294,1.9983333333333333,56.6572,19.4308
0294,1.9983333333333333,60.0077,23.957
0294,1.9983333333333333,55.6172,14.8673
0294,1.9983333333333333,54.5,19.113
0295,0.5,56.8748,19.582
0295,0.5,62.2008,21.402
0295,0.5,56.3713,16.2013
0295,0.5,54.383,18.958
0296,1.8066666666666666,59.8052,21.3418
0296,1.8066666666666666,57.1175,17.6687
0296,1.8066666666666666,54.408,19.441
0297,1.8222222222222222,56.8692,19.291
0297,1.8222222222222222,61.2322,21.575
0297,1.8222222222222222,58.017,17.9843
0298,4.1,56.8765,19.047
0298,4.1,65.7203,24.203
0298,4.1,58.9348,19.1598
0299,3.6,56.9265,18.883
0299,3.6,60.0167,24.585
0299,3.6,60.0668,24.9802
02C2,2.926,55.92,20.69
0300,1.2,58.1258,19.6253
0300,1.2,61.5052,21.378
0300,1.2,60.2033,26.193
0301,1.3,61.5503,21.4548
0301,1.3,60.25,27.247
0302,3.7733333333333334,58.1198,19.9777
0302,3.7733333333333334,61.5785,21.3165
0302,3.7733333333333334,60.0672,26.3467
0303,3.623333333333333,58.3732,19.9885
0303,3.623333333333333,61.4245,21.4273
0303,3.623333333333333,59.8383,25.8568
0304,3.505,54.795,13.0575
0304,3.505,61.5263,21.5003
0304,3.505,59.9168,25.597
0305,2.896,55,13.3
0305,2.896,54.8595,13.2725
0305,2.896,58.3753,19.7522
0305,2.896,60.1807,25.6398
0305,2.896,59.9168,25.0302
0306,2.567,55,13.3
0306,2.567,54.9248,13.4992
0306,2.567,58.4997,19.7503
0306,2.567,62.3697,21.2745
0306,2.567,59.8585,24.8383
0307,1.93,55,13.3
0307,1.93,54.9248,13.4992
0307,1.93,63.231,22.0223
0307,1.93,59.705,24.682
0308,4.066,55,13.3
0308,4.066,54.9248,13.4992
0308,4.066,58.6262,19.468
0308,4.066,63.919,22.9802
0308,4.066,59.5835,23.2968
0309,2.1836363636363636,55,13.3
0309,2.1836363636363636,55.025,13.6062
0309,2.1836363636363636,60.437,27.1335
0309,2.1836363636363636,59.6905,23.2572
0310,2.0166666666666666,55,13.3
0310,2.0166666666666666,55.0683,13.8125
0310,2.0166666666666666,58.6257,19.994
0310,2.0166666666666666,60.4932,27.1417
0310,2.0166666666666666,59.7767,23.2628
0311,1.9333333333333333,55,13.3
0311,1.9333333333333333,55.0633,13.9875
0311,1.9333333333333333,59.0672,19.737
0311,1.9333333333333333,60.5143,27.1538
0311,1.9333333333333333,59.8152,21.3367
0312,3.466666666666667,55,13.3
0312,3.466666666666667,55.0035,14.0763
0312,3.466666666666667,59.0663,20.0627
0312,3.466666666666667,64.673,24.3732
0312,3.466666666666667,60.0582,21.1985
0313,1.24,55,13.3
0313,1.24,55.0035,14.0763
0313,1.24,62.8957,21.3942
0313,1.24,60.3333,21.1133
0314,1.76,55,13.3
0314,1.76,54.8807,13.8665
0314,1.76,59.0665,20.3497
0314,1.76,60.2503,27.247
0314,1.76,60.7668,20.8465
0315,2.411,55,13.3
0315,2.411,54.804,13.9563
0315,2.411,60.0102,24.1312
0315,2.411,61.1265,20.93
0316,3.521,55,13.3
0316,3.521,54.0767,14.1535
0316,3.521,59.2243,20.2557
0316,3.521,60.3437,26.5903
0316,3.521,61.0837,20.5963
0317,5.32,55,13.3
0317,5.32,55.1655,14.2502
0317,5.32,59.3217,20.2113
0317,5.32,62.3408,21.3243
0318,4.234,55,13.3
0318,4.234,55.4048,14.5358
0318,4.234,60.2557,21.9533
0318,4.234,61.7668,20.5305
0319,2.867,55,13.3
0319,2.867,55.4667,14.7163
0319,2.867,59.319,19.7655
0319,2.867,59.856,23.2632
0319,2.867,62.6003,20.8295
0320,4.0616666666666665,55,13.3
0320,4.0616666666666665,55.4962,15.0908
0320,4.0616666666666665,59.319,19.3938
0320,4.0616666666666665,59.9203,23.3322
0320,4.0616666666666665,63.3142,20.2743
0321,3.695,55,13.3
0321,3.695,55.3833,15.3312
0321,3.695,58.1255,19.346800000000002
0321,3.695,60.022,23.4745
0322,5.206363636363636,55,13.3
0322,5.206363636363636,55.2502,15.9817
0322,5.206363636363636,58.0002,19.6008
0322,5.206363636363636,59.9685,23.4028
0322,5.206363636363636,63.517,21.0628
0323,4.175454545454546,55,13.3
0323,4.175454545454546,55.2502,15.9817
0323,4.175454545454546,60.751,21.4168
0323,4.175454545454546,63.5167,21.5132
0324,3.2854545454545456,55,13.3
0324,3.2854545454545456,55.2502,15.9817
0324,3.2854545454545456,57.8747,19.5022
0324,3.2854545454545456,60.7867,21.203
0324,3.2854545454545456,64.302,22.3432
0325,2.6500000000000004,55,13.3
0325,2.6500000000000004,55.296,16.4325
0325,2.6500000000000004,57.8758,19.917
0325,2.6500000000000004,60.3753,26.8952
0326,2.7781818181818183,55,13.3
0326,2.7781818181818183,55.2148,17.0692
0326,2.7781818181818183,60.403,26.9512
0326,2.7781818181818183,64.7338,23.8128
0327,4.641666666666667,55,13.3
0327,4.641666666666667,55.2865,17.5967
0327,4.641666666666667,60.406,26.4913
0328,3.2816666666666667,55.3252,18.2392
0328,3.2816666666666667,57.6262,19.919
0328,3.2816666666666667,60.435,26.8022
0328,3.2816666666666667,64.8002,23.4795
0329,11,55.5497,18.4007
0329,11,60.4472,26.6237
0329,11,65.0005,23.2463
0330,3.9283333333333332,55.5497,18.4007
0330,3.9283333333333332,57.6252,19.5342
0330,3.9283333333333332,60.4483,26.964
0330,3.9283333333333332,65.2337,23.5628
0331,3.461666666666667,56.082,19.1682
0331,3.461666666666667,57.6263,19.1638
0331,3.461666666666667,60.468,26.9038
0331,3.461666666666667,65.3837,23.4627
0332,3.264,56.6332,19.583
0332,3.264,57.036,19.0445
0332,3.264,60.4795,26.9568
0332,3.264,64.9337,22.346
0333,5.2,57.0708,19.8298
0333,5.2,57.127,19.0427
0333,5.2,60.272,26.6302
0334,3.7733333333333334,57.32,20.0503
0334,3.7733333333333334,57.1255,19.3617
0334,3.7733333333333334,65.1338,24.5962
0334,3.7733333333333334,63.7835,21.4793
0335,3.2600000000000002,57.32,20.0503
0335,3.2600000000000002,63.7208,22.6768
0335,3.2600000000000002,62.6,20.2628
0336,2.815,57.32,20.0503
0336,2.815,57.1253,19.7127
0336,2.815,63.74,22.5525
0336,2.815,62.5863,19.9688
0337,2.77,57.32,20.0503
0337,2.77,60.3772,26.3637
0337,2.77,62.759,19.1955
0338,3.8649999999999998,57.32,20.0503
0338,3.8649999999999998,57.2498,19.8162
0338,3.8649999999999998,60.3638,26.33
0338,3.8649999999999998,62.1347,18.1628
0339,2.434,57.32,20.0503
0339,2.434,57.3752,19.9168
0339,2.434,60.4667,27.52
0339,2.434,61.9838,19.1635
0340,1.736,57.32,20.0503
0340,1.736,57.3757,19.5303
0340,1.736,60.5492,27.7552
0340,1.736,61.9835,20.063
0343,2.35,57.6165,20.1667
0343,2.35,57.5018,19.166
0343,2.35,60.3887,27.6552
0343,2.35,61.0833,19.5795
0344,1.866,58.0007,19.9035
0344,1.866,58.6253,20.3507
0344,1.866,60.434,27.3873
0344,1.866,61.1835,18.2302
0345,1.518,58.0007,19.9035
0345,1.518,63.4687,22.343
0345,1.518,60.5332,18.9377
0346,2.065,58.443,20.3375
0346,2.065,58.8738,20.3497
0346,2.065,60.7842,21.3145
0346,2.065,60.189,19.1425
0347,5.8,58.766,20.3325
0347,5.8,60.7935,21.3605
0347,5.8,59.7833,19.9298
0348,14,58.7837,19.1025
0348,14,58.8735,19.8725
0348,14,60.8095,21.3793
0348,14,59.66,19.8833
0349,5.1,58.5843,18.2355
0349,5.1,65.7203,24.203
0349,5.1,58.8833,20.3167
034a,3.188,57.9667,21.55
0350,9.8,58.5843,18.2355
0350,9.8,58.8757,19.1987
0350,9.8,63.8782,22.989
0350,9.8,59.0333,21.0795
0351,8.2,58.5843,18.2355
0351,8.2,63.9612,22.9282
0351,8.2,59.1833,21.7465
0352,11,58.5843,18.2355
0352,11,59.067,19.1968
0352,11,63.9023,23.1205
0352,11,59.4833,22.8968
0353,9.4,58.5843,18.2355
0353,9.4,59.0677,19.7353
0353,9.4,63.9102,22.83
0353,9.4,59.3335,23.2635
0354,3,58.004,17.9978
0354,3,58.6793,18.7518
0354,3,61.2282,21.447
0354,3,59.5818,23.6265
0357,1.2375,57.1175,17.668
0357,1.2375,62.9852,21.033
0357,1.2375,57.9982,19.876
0358,1.2874999999999999,55.1612,15.661
0358,1.2874999999999999,58.7247,18.2568
0358,1.2874999999999999,63.2732,21.9372
0358,1.2874999999999999,57.312,20.0672
0359,6.300000000000001,55.2502,15.9833
0359,6.300000000000001,65.3497,25.2162
0359,6.300000000000001,57.3122,20.067
0360,1.8,55.2502,15.9833
0360,1.8,58.6315,18.2565
0360,1.8,65.2505,25.1628
0360,1.8,56.6337,19.5848
0361,3.95,54.926,13.5007
0361,3.95,58.3823,18.251
0361,3.95,65.3837,24.8962
0361,3.95,55.5553,18.4002
0362,1.68,54.926,13.5007
0362,1.68,65.1338,24.5962
0362,1.68,55.25,15.984
0363,1.1625,58.3845,17.9987
0363,1.1625,62.9852,21.033
0363,1.1625,55.3838,15.3322
0364,5.6,58.3825,17.5827
0364,5.6,60.3122,22.0458
0364,5.6,55.3112,14.6
0365,1.6875,60.3777,22.1023
0365,1.6875,54.9712,14.0988
0366,2.1875,58.4348,18.7493
0366,2.1875,60.4395,22.0907
0366,2.1875,55.0158,13.3008
0367,8.2,58.2722,18.7498
0367,8.2,60.4873,21.969
0368,3.1,61.128,21.3708
0369,1.7,58.117,18.7532
0369,1.7,61.1505,21.2463
0370,5.3,58.1165,18.3683
0370,5.3,60.0807,25.1223
0371,52,60.1958,24.9938
0373,2.7,57.9827,17.7492
0373,2.7,61.1273,21.4232
0374,6.6,56.2177,16.9338
0374,6.6,65.651,24.8652
0375,11,56.0502,16.9335
0375,11,65.5933,24.747
0376,7.65,65.599,24.9148
0377,4.9,55.9838,16.754
0377,4.9,65.6832,24.2432
0378,1.6300000000000001,65.6193,24.3477
0378,1.6300000000000001,55.6173,14.8673
0379,3.1166666666666667,55.8132,16.7505
0379,3.1166666666666667,65.6077,24.5235
0379,3.1166666666666667,56.3708,16.202
0380,6.300000000000001,55.6508,16.7513
0380,6.300000000000001,65.6397,24.4937
0380,6.300000000000001,56.1667,16.6498
0381,1.15,54.8602,13.2773
0381,1.15,59.7737,23.2617
0381,1.15,57.117,17.669
0382,2.3555555555555556,54.9252,13.5022
0382,2.3555555555555556,65.7203,24.203
0382,2.3555555555555556,58.0168,17.9845
0383,4.3,54.9252,13.5022
0383,4.3,55.0568,14.5528
0383,4.3,60.0167,24.585
0383,4.3,58.9348,19.1575
0384,3.9,54.7988,13.6527
0384,3.9,55.064,14.2802
0384,3.9,65.1338,24.5962
0384,3.9,57.9978,19.8792
0385,3.311111111111111,54.8033,13.9633
0385,3.311111111111111,60.7842,21.3145
0385,3.311111111111111,57.3122,20.0762
0386,13,54.8833,13.8563
0386,13,54.9147,14.1935
0386,13,60.8095,21.3793
0386,13,57.3122,20.0762
0387,2.85,54.9908,13.7697
0387,2.85,64.218,23.6748
0387,2.85,56.6335,19.585
0388,2.93,55.0255,13.6118
0388,2.93,54.7248,14.1955
0388,2.93,64.3505,23.8462
0388,2.93,55.5553,18.4002
0389,2.555555555555556,55.069,13.8142
0389,2.555555555555556,54.4985,14.1918
0389,2.555555555555556,60.0352,24.3213
0389,2.555555555555556,55.25,15.9842
0390,2.566666666666667,55.064,13.9892
0390,2.566666666666667,54.2842,14.1873
0390,2.566666666666667,60.0708,24.3627
0390,2.566666666666667,55.383,15.3338
0391,11,55.0012,14.0833
0391,11,54.3458,13.8415
0391,11,60.403,26.9512
0391,11,55.3092,14.5992
0392,3.357142857142857,55.0012,14.0833
0392,3.357142857142857,60.4483,26.964
0392,3.357142857142857,54.9712,14.099
0393,3.1545454545454543,55.1665,14.253
0393,3.1545454545454543,60.4932,27.1417
0393,3.1545454545454543,55.0157,13.301
0393,3.1545454545454543,54.581,18.79
0394,4.3774999999999995,55.405,14.5375
0394,4.3774999999999995,60.5143,27.1538
0394,4.3774999999999995,55.35,19.066
0395,2.283333333333333,55.4672,14.7183
0395,2.283333333333333,60.2557,21.9533
0395,2.283333333333333,55.555,18.4
0396,2.6666666666666665,55.5335,14.9138
0396,2.6666666666666665,63.4042,21.9897
0396,2.6666666666666665,55.291,18
0397,3.6075,55.4963,15.094
0397,3.6075,63.8782,22.989
0397,3.6075,55.216,17.066
0398,3.4566666666666666,55.4555,15.2337
0398,3.4566666666666666,63.9612,22.9282
0398,3.4566666666666666,54.925,16.45
0399,3.415,55.3857,15.3348
0399,3.415,63.9023,23.1205
0399,3.415,55.25,15.983
0400,4.22,55.3302,15.6175
0400,4.22,63.9102,22.83
0400,4.22,54.066,14.25
0401,4.04,55.2492,15.9842
0401,4.04,55.4572,14.6777
0401,4.04,63.2732,21.9372
0401,4.04,54.066,14.691
0402,0.835,55.2492,15.9842
0402,0.835,63.919,22.9802
0402,0.835,54.256,15.533
0403,1.1533333333333333,55.2492,15.9842
0403,1.1533333333333333,55.4755,14.6682
0403,1.1533333333333333,63.231,22.0223
0403,1.1533333333333333,54.617,15.537
0404,1.61,55.2222,16.1712
0404,1.61,63.4687,22.343
0404,1.61,54.45,15.983
0405,1.9645454545454546,55.295,16.4302
0405,1.9645454545454546,55.4645,14.5697
0405,1.9645454545454546,60.1343,24.855
0405,1.9645454545454546,55.6173,14.8673
0405,1.9645454545454546,54.633,16.8
0406,3.6125,55.2845,16.5042
0406,3.6125,60.1955,24.8485
0406,3.6125,56.371,16.2018
0406,3.6125,54.833,17.535
0407,3.3933333333333335,55.262,16.6375
0407,3.3933333333333335,55.6555,14.5177
0407,3.3933333333333335,60.3122,22.0458
0407,3.3933333333333335,56.1667,16.65
0407,3.3933333333333335,54.875,18.083
0408,2.3345454545454545,55.2165,17.0675
0408,2.3345454545454545,60.3777,22.1023
0408,2.3345454545454545,57.1172,17.6687
0408,2.3345454545454545,54.883,18.37
0409,2.674166666666667,56.0832,19.1678
0409,2.674166666666667,60.4395,22.0907
0409,2.674166666666667,58.0168,17.9845
0409,2.674166666666667,54.666,18.833
0410,3.585,56.2343,19.3027
0410,3.585,55.6983,14.4428
0410,3.585,60.4462,22.072
0410,3.585,58.9355,19.161
0410,3.585,54.833,19.333
0411,3.62875,56.3443,19.3797
0411,3.62875,60.4873,21.969
0411,3.62875,59.1833,21.7468
0411,3.62875,54.651,19.293
0412,5.390000000000001,56.4893,19.4818
0412,5.390000000000001,63.231,22.0223
0412,5.390000000000001,59.0333,21.0795
0412,5.390000000000001,54.408,19.441
0413,4.1033333333333335,56.6333,19.584
0413,4.1033333333333335,62.8957,21.3942
0413,4.1033333333333335,59.2498,20.9965
0413,4.1033333333333335,54.5,19.113
0414,4.8125,57.0712,19.832
0414,4.8125,55.7562,15.304
0414,4.8125,60.403,26.9512
0414,4.8125,58.8807,20.3107
0415,4.846666666666667,57.2083,19.9315
0415,4.846666666666667,60.4483,26.964
0415,4.846666666666667,59.66,19.8837
0416,6.9,57.3182,20.0508
0416,6.9,55.6775,14.89
0416,6.9,60.4932,27.1417
0416,6.9,59.7833,19.93
0417,5.7459999999999996,57.3182,20.0508
0417,5.7459999999999996,60.5143,27.1538
0417,5.7459999999999996,60.189,19.1425
0419,2.776666666666667,57.3182,20.0508
0419,2.776666666666667,63.2937,21.3045
0419,2.776666666666667,60.5332,18.9378
0420,3.07,57.366,20.3388
0420,3.07,62.9852,21.033
0420,3.07,61.1833,18.2302
0421,3.412,56.8377,20.6827
0421,3.412,55.6612,14.5362
0421,3.412,60.1962,25.1985
0421,3.412,61.1833,18.2302
0422,3.068,56.866,20.454
0422,3.068,60.195,25.0838
0422,3.068,62.1343,18.1625
0423,6.8,56.9048,20.2173
0423,6.8,55.683,14.409
0423,6.8,60.3602,22.3202
0423,6.8,62.7588,19.1957
0424,8.3,56.9232,20.0233
0424,8.3,60.422,22.1742
0424,8.3,63.3143,20.2727
0425,3.8000000000000003,56.9492,19.8882
0425,3.8000000000000003,60.3845,22.1978
0425,3.8000000000000003,63.5168,21.0632
0426,4.61,56.9517,19.7732
0426,4.61,55.634,14.9207
0426,4.61,60.1958,24.9938
0426,4.61,63.7835,21.4793
0427,2.8,56.9793,19.5807
0427,2.8,63.74,22.5525
0427,2.8,64.9335,22.3458
0428,4.8,57.0078,19.3552
0428,4.8,60.0545,24.4673
0428,4.8,65.3835,23.4625
0429,1.7083333333333333,57.4693,20.2633
0429,1.7083333333333333,55.756,15.1862
0429,1.7083333333333333,59.856,23.2632
0429,1.7083333333333333,65.2335,23.5625
0430,2.315,57.715,19.8545
0430,2.315,59.9203,23.3322
0430,2.315,65.0003,23.246
0431,7.7,57.9995,19.9017
0431,7.7,55.8003,15.2708
0431,7.7,60.022,23.4745
0431,7.7,64.8002,23.4793
0432,1.5150000000000001,57.9995,19.9017
0432,1.5150000000000001,59.9685,23.4028
0432,1.5150000000000001,64.7337,23.8128
0433,3,58.1832,20.0537
0433,3,59.8052,21.3418
0433,3,64.3018,22.3428
0434,2.9466666666666668,58.3493,20.1472
0434,2.9466666666666668,55.7652,15.4427
0434,2.9466666666666668,65.1338,24.5962
0434,2.9466666666666668,63.5168,21.513
0435,5,58.4423,20.3358
0435,5,65.3497,25.2162
0436,1.6614285714285715,58.7673,20.3318
0436,1.6614285714285715,55.749,15.8263
0436,1.6614285714285715,65.3837,24.8962
0436,1.6614285714285715,62.6002,20.8295
0437,1.4275,58.9972,20.1618
0437,1.4275,63.231,22.0223
0437,1.4275,62.6002,20.2627
0438,2.8,58.781,19.1023
0438,2.8,55.5143,16.2622
0438,2.8,61.5052,21.378
0438,2.8,62.5863,19.9683
0439,2.9,58.0035,18.007
0439,2.9,61.5503,21.4548
0439,2.9,61.9837,19.1635
0440,2.3,57.1175,17.6683
0440,2.3,61.5785,21.3165
0440,2.3,61.9837,20.0628
0441,1.7,55.9582,19.0465
0441,1.7,55.8448,16.4157
0441,1.7,61.4245,21.4273
0441,1.7,61.767,20.5305
0442,1.37,55.6337,18.5988
0442,1.37,61.5263,21.5003
0442,1.37,61.083,19.5802
0443,5.254,55.5505,18.3985
0443,5.254,55.8293,15.948
0443,5.254,61.6015,21.5567
0443,5.254,61.0835,20.5965
0444,13,55.5505,18.3985
0444,13,61.6122,21.4657
0444,13,60.767,20.846800000000002
0445,4,55.327,18.2342
0445,4,55.8012,15.8455
0445,4,61.66,21.4048
0446,7.2,55.288,17.5957
0446,7.2,56.696,17.0268
0446,7.2,61.6687,21.4768
0446,7.2,60.3335,21.1135
0447,1.9,55.2533,17.3565
0447,1.9,61.701,21.3423
0447,1.9,60.0583,21.1983
0448,2.4,55.2503,15.9853
0448,2.4,56.9305,17.1952
0448,2.4,61.726,21.4417
0448,2.4,59.8153,21.3367
0449,3.6950000000000003,55.2503,15.9853
0449,3.6950000000000003,61.7927,21.2902
0449,3.6950000000000003,59.4835,22.8968
0451,4.993333333333333,55.2827,16.5063
0451,4.993333333333333,60.1875,25.364
0451,4.993333333333333,59.6905,23.2573
0452,3.4739999999999998,55.0002,14.0862
0452,3.4739999999999998,57.3187,17.4515
0452,3.4739999999999998,64.673,24.3732
0452,3.4739999999999998,59.5835,23.297
0453,4.3925,64.663,24.3937
0453,4.3925,59.3337,23.2635
0454,4.506666666666667,57.435,17.5358
0454,4.506666666666667,60.1807,25.6398
0454,4.506666666666667,59.582,23.6272
0455,4.156666666666666,65.2505,25.1628
0455,4.156666666666666,59.7002,24.0302
0456,2.1,57.622,17.1388
0456,2.1,60.7867,21.203
0456,2.1,59.8668,23.9802
0457,4.02,61.0257,21.2875
0457,4.02,59.7052,24.6823
0458,5.064,57.0782,17.8867
0458,5.064,60.9803,21.356
0458,5.064,59.8465,24.8385
0459,5.53,60.7842,21.3145
0459,5.53,59.9168,25.0305
0460,4.43,60.751,21.4168
0460,4.43,59.9168,25.5972
0461,5.3759999999999994,56.9817,17.9508
0461,5.3759999999999994,60.7935,21.3605
0461,5.3759999999999994,59.8385,25.8572
0462,5.762,60.8095,21.3793
0462,5.762,60.0672,26.346800000000002
0463,3.6,57.1678,18.8493
0463,3.6,65.6193,24.3477
0463,3.6,60.25,27.247
0465,20,60.1552,22.5562
0466,3.6,56.0253,19.222
0466,3.6,65.7203,24.203
0466,3.6,59.965,25.2345
0467,5.1,65.7578,24.2708
0467,5.1,60.067,24.9805
0468,2.35,60.0102,24.1312
0468,2.35,57.9982,19.8788
0469,17,56.1442,19.9035
0469,17,60.3772,26.3637
0469,17,57.0747,19.901
0470,2.5555555555555554,60.3638,26.33
0470,2.5555555555555554,57.3122,20.0762
0472,2.375,54.7952,13.0593
0472,2.375,60.362,27.1087
0472,2.375,56.6338,19.5848
0473,1.2666666666666666,54.8598,13.277
0473,1.2666666666666666,56.198,19.4292
0473,1.2666666666666666,60.3888,27.289
0473,1.2666666666666666,55.5553,18.4002
0474,1.711111111111111,54.9252,13.5005
0474,1.711111111111111,60.437,27.1335
0474,1.711111111111111,55.25,15.9842
0475,2.1,54.9252,13.5005
0475,2.1,56.2943,19.499
0475,2.1,60.4772,27.3385
0475,2.1,55.383,15.334
0476,1.9142857142857141,54.8012,13.9592
0476,1.9142857142857141,60.0692,22.9677
0476,1.9142857142857141,54.9712,14.0988
0477,3.257142857142857,54.8805,13.8607
0477,3.257142857142857,56.287,19.6728
0477,3.257142857142857,60.0297,22.7982
0477,3.257142857142857,55.0158,13.3008
0478,8.9,55.0252,13.6075
0478,8.9,60.0352,24.3213
0479,11,55.0688,13.8128
0479,11,56.36,19.8125
0479,11,60.0708,24.3627
0480,4.1,55.0632,13.9877
0480,4.1,64.3505,23.8462
0481,3.9000000000000004,55.0005,14.083
0481,3.9000000000000004,56.483,20.1003
0481,3.9000000000000004,64.218,23.6748
0483,12,55.17,14.2508
0483,12,56.5128,20.2045
0483,12,60.1962,25.1985
0484,10,55.4053,14.5368
0484,10,60.195,25.0838
0485,5.7,55.4672,14.7172
0485,5.7,56.4525,20.0722
0485,5.7,60.3158,21.953
0486,0.64,55.3833,15.3335
0486,0.64,61.128,21.3708
0487,1.2,55.2502,15.983
0487,1.2,56.441,19.7895
0487,1.2,61.1505,21.2463
0488,14,55.2502,15.983
0488,14,60.0807,25.1223
0490,1.5625,55.2168,17.066
0490,1.5625,60.2978,25.7817
0490,1.5625,55.6173,14.8677
0491,1.95,55.327,18.2337
0491,1.95,57.786,19.5052
0491,1.95,60.1807,25.6398
0491,1.95,56.371,16.202
0492,1.3625,55.5502,18.3978
0492,1.3625,60.1875,25.364
0492,1.3625,57.1172,17.6688
0493,2.188888888888889,55.8402,18.8648
0493,2.188888888888889,60.4932,27.1417
0493,2.188888888888889,58.017,17.9847
0494,3.3,56.3465,19.3783
0494,3.3,57.5833,19.168
0494,3.3,60.5143,27.1538
0494,3.3,58.9352,19.1613
0495,7.8,56.6333,19.5833
0495,7.8,60.1955,24.8485
0496,5.5,57.0083,19.3545
0496,5.5,57.4755,19.2743
0496,5.5,60.3435,21.9558
0497,4.6,57.0717,19.8262
0497,4.6,57.3538,19.1722
0497,4.6,61.1273,21.4232
0498,5.5,57.3205,20.046
0498,5.5,61.2322,21.575
0499,2.243333333333333,57.3205,20.046
0499,2.243333333333333,57.34,19.1042
0499,2.243333333333333,60.2673,26.0415
0499,2.243333333333333,54.581,18.79
0500,2.2133333333333334,57.3205,20.046
0500,2.2133333333333334,60.2972,25.9163
0500,2.2133333333333334,54.666,18.833
0501,2.0366666666666666,57.3205,20.046
0501,2.0366666666666666,55.7148,14.7285
0501,2.0366666666666666,60.3907,26.1245
0501,2.0366666666666666,55.35,19.066
0502,1.6433333333333333,57.3205,20.046
0502,1.6433333333333333,60.2382,25.9792
0502,1.6433333333333333,55.555,18.4
0503,2.1466666666666665,57.3205,20.046
0503,2.1466666666666665,55.685,14.4752
0503,2.1466666666666665,60.3025,26.0667
0503,2.1466666666666665,55.291,18
0504,3.3666666666666667,57.3658,20.331
0504,3.3666666666666667,60.403,26.9512
0504,3.3666666666666667,55.216,17.066
0505,2.7133333333333334,57.6173,20.1668
0505,2.7133333333333334,55.694,14.4155
0505,2.7133333333333334,60.435,26.8022
0505,2.7133333333333334,54.925,16.45
0506,3.0100000000000002,57.9995,19.8992
0506,3.0100000000000002,60.4483,26.964
0506,3.0100000000000002,55.25,15.983
0507,3.975,58.4422,20.3348
0507,3.975,60.468,26.9038
0507,3.975,54.617,15.537
0508,5.206666666666666,58.5837,18.2352
0508,5.206666666666666,60.4795,26.9568
0508,5.206666666666666,54.066,14.25
0509,8.004,58.5837,18.2352
0509,8.004,60.1343,24.855
0509,8.004,54.066,14.691
0510,1.75,58.5837,18.2352
0510,1.75,60.3122,22.0458
0510,1.75,54.256,15.533
0511,2.7075,58.5837,18.2352
0511,2.7075,60.3777,22.1023
0511,2.7075,54.45,15.983
0512,3.5366666666666666,57.9998,17.9998
0512,3.5366666666666666,60.4395,22.0907
0512,3.5366666666666666,54.633,16.8
0513,4.03,57.1142,17.6618
0513,4.03,60.4873,21.969
0513,4.03,54.833,17.535
0514,10.876666666666667,56.8767,17.3897
0514,10.876666666666667,60.1958,24.9938
0514,10.876666666666667,54.875,18.083
0515,2.1566666666666667,57.073,19.0242
0515,2.1566666666666667,61.2282,21.447
0515,2.1566666666666667,54.883,18.37
0516,2.033333333333333,56.9492,19.8825
0516,2.033333333333333,61.2515,21.5053
0516,2.033333333333333,54.833,19.333
0517,2.4633333333333334,56.866,20.4527
0517,2.4633333333333334,61.2813,21.4343
0517,2.4633333333333334,54.651,19.293
0518,3.7766666666666664,56.0828,19.1665
0518,3.7766666666666664,60.2822,26.8935
0518,3.7766666666666664,54.408,19.441
0519,2.6799999999999997,55.5497,18.4048
0519,2.6799999999999997,60.3753,26.8952
0519,2.6799999999999997,54.5,19.113
0520,6,55.5497,18.4048
0520,6,60.406,26.4913
0521,6.5,55.3075,17.9297
0521,6.5,60.4472,26.6237
0522,7.1,55.2158,17.0667
0522,7.1,60.272,26.6302
0523,22,55.2588,16.6433
0523,22,60.0167,24.585
0534,3.6,60.5497,21.3208
0535,1.5,60.596,21.1863
0536,2.9,65.1338,24.5962
0537,3.1,63.74,22.5525
0538,3.2,63.8782,22.989
0539,1.8,63.9612,22.9282
0540,5.2,63.9023,23.1205
0541,2.2,63.9102,22.83
0543,5,64.673,24.3732
0551,3.3,60.7842,21.3145
0552,8.7,60.8095,21.3793
0553,2.6,54.7953,13.0597
0553,2.6,59.8868,22.45
0554,2.2,54.86,13.277
0554,2.2,60.3085,21.3965
0561,2.1,54.9998,14.082
0561,2.1,65.5933,24.747
0562,2.8,54.9998,14.082
0562,2.8,65.6397,24.4937
0564,3.0999999999999996,54.8035,13.957
0564,3.0999999999999996,65.599,24.9148
0565,2.75,54.0842,14.1468
0565,2.75,65.651,24.8652
0573,3.1,55.25,15.9823
0573,3.1,65.732,24.323
0574,2.5,55.25,15.9823
0574,2.5,65.6077,24.5235
0575,2.5,55.25,15.9823
0575,2.5,65.6193,24.3477
0576,2.85,55.2168,17.066
0576,2.85,65.6832,24.2432
057a,5.107272727272727,59.45,24.7883
0581,3.2,57.0708,19.8302
0581,3.2,65.7203,24.203
0582,3.9,57.3195,20.0497
0582,3.9,65.7578,24.2708
0583,3.6500000000000004,57.3195,20.0497
0583,3.6500000000000004,65.1338,24.5962
0586,13,57.3195,20.0497
0586,13,59.856,23.2632
0587,1.6,57.3195,20.0497
0587,1.6,59.9203,23.3322
0588,3.3,57.6165,20.1665
0588,3.3,60.022,23.4745
0589,2.3,57.9995,19.9
0589,2.3,59.9685,23.4028
0592,4.5,58.5848,18.2355
0592,4.5,60.0807,25.1223
0593,21,58.5848,18.2355
0593,21,60.3468,23.0425
0594,6.1,58.5848,18.2355
0594,6.1,60.3787,22.5992
0595,12,58.5848,18.2355
0595,12,60.1958,24.9938
0597,2.25,57.7167,17.3668
0597,2.25,63.275,21.1078
0597,2.25,59.8383,24.8383
0598,2.5625,57.1158,17.6687
0598,2.5625,59.8915,23.6825
0598,2.5625,59.8467,24.838
0599,2.5625,55.2505,15.9843
0599,2.5625,60.4667,27.52
0599,2.5625,59.4835,22.8968
0601,2.4250000000000003,55.2505,15.9843
0601,2.4250000000000003,63.2937,21.3045
0601,2.4250000000000003,58.0168,17.9845
0602,1.675,54.9243,13.501
0602,1.675,59.8947,23.6065
0602,1.675,57.1172,17.669
0603,1.925,54.9243,13.501
0603,1.925,59.9337,23.5772
0603,1.925,56.3708,16.2022
0604,2.1875,60.5492,27.7552
0604,2.1875,55.6173,14.8673
0605,4.4,60.403,26.9512
0608,3.6285714285714286,59.9515,23.813
0608,3.6285714285714286,55.0158,13.301
0609,2.6,59.9457,23.9583
0609,2.6,54.9725,14.0982
0610,1.775,60.2002,21.5382
0610,1.775,55.383,15.3338
0611,1.8375,60.2557,21.9533
0611,1.8375,55.25,15.9845
0612,2.5,60.1168,21.6715
0612,2.5,55.554,18.3995
0613,2.1625,60.0943,21.3982
0613,2.1625,56.6333,19.5847
0614,2.2,60.1807,25.6398
0614,2.2,57.3122,20.0762
0616,2.7875,59.9377,21.658
0616,2.7875,57.998,19.8788
0617,4.4,60.0545,24.4673
0618,11,60.0167,24.585
0626,7.3,60.0352,24.3213
0627,2.6,60.0708,24.3627
0628,4,60.3122,22.0458
0629,2.9,60.3777,22.1023
0630,4.1,60.4395,22.0907
0631,4.2,60.4462,22.072
0632,3.9975,60.4873,21.969
0632,3.9975,54.581,18.79
0633,4.412,65.6193,24.3477
0633,4.412,54.666,18.833
0634,5.01,60.6095,21.8113
0634,5.01,54.883,18.37
0635,3.89,60.54,21.7182
0635,3.89,54.875,18.083
0636,5.053333333333334,60.5917,21.7577
0636,5.053333333333334,54.833,17.535
0637,2.3899999999999997,60.5757,21.7892
0637,2.3899999999999997,54.633,16.8
0638,5.6433333333333335,63.74,22.5525
0638,5.6433333333333335,54.066,14.25
0639,3.695,60.4418,21.6715
0639,3.695,54.066,14.691
0640,3.93,64.663,24.3937
0640,3.93,54.256,15.533
0641,2.9466666666666668,60.4843,21.596800000000002
0641,2.9466666666666668,54.45,15.983
0642,2.185,64.673,24.3732
0642,2.185,54.617,15.537
0643,2.743333333333333,65.5933,24.747
0643,2.743333333333333,54.925,16.45
0644,2.735,65.6397,24.4937
0644,2.735,55.216,16.04
0645,2.5975,65.732,24.323
0645,2.5975,55.216,17.066
0646,3.8225000000000002,60.3602,22.3202
0646,3.8225000000000002,55.291,18
0647,4.3525,60.422,22.1742
0647,4.3525,55.555,18.4
0648,2.0225,60.7842,21.3145
0648,2.0225,55.35,19.066
0649,3.2225,60.8095,21.3793
0649,3.2225,54.833,19.333
0650,3.4299999999999997,60.3845,22.1978
0650,3.4299999999999997,54.651,19.293
0651,3.815,65.7203,24.203
0651,3.815,54.408,19.441
0652,2.3125,65.7578,24.2708
0652,2.3125,54.5,19.113
0656,9,61.6015,21.5567
0657,6.3,61.6122,21.4657
0658,1.1,61.66,21.4048
0659,3.3,61.6687,21.4768
0661,1.8625,61.726,21.4417
0661,1.8625,57.9982,19.8788
0662,1.4625,61.7927,21.2902
0662,1.4625,57.3122,20.0762
0666,1.7,59.8052,21.3418
0666,1.7,55.25,15.984
0667,1.625,60.3085,21.2465
0667,1.625,55.383,15.3337
0668,2.657142857142857,60.0023,23.1122
0668,2.657142857142857,54.9712,14.0988
0669,2.2285714285714286,59.9922,23.9262
0669,2.2285714285714286,55.0158,13.3007
0677,1.3,61.5263,21.5003
0681,1.55,60.0502,22.23
0681,1.55,55.6173,14.8672
0682,1.4249999999999998,60.1365,22.3535
0682,1.4249999999999998,57.1172,17.6687
0683,1.625,60.3143,22.5058
0683,1.625,58.017,17.9845
0685,2.7624999999999997,60.3787,22.5992
0685,2.7624999999999997,59.8465,24.8375
0686,1.3,65.5338,25.0962
0686,1.3,59.4835,22.8965
0687,2.1999999999999997,60.403,26.9512
0687,2.1999999999999997,58.8822,20.3272
0688,9.8,60.4483,26.964
0688,9.8,58.932,19.1595
0689,2.2555555555555555,60.468,26.9038
0689,2.2555555555555555,58.5937,18.2363
0690,16,60.4795,26.9568
0690,16,58.5937,18.2363
0691,5.13,60.1955,24.8485
0691,5.13,58.0167,17.9843
0692,1.6888888888888889,61.1273,21.4232
0692,1.6888888888888889,57.998,19.8788
0693,1.6888888888888889,61.2322,21.575
0693,1.6888888888888889,57.3122,20.0762
0695,1.725,63.231,22.0223
0695,1.725,56.6338,19.5855
0696,2.1625,60.2092,22.0102
0696,2.1625,55.5553,18.4002
0697,2.4,60.1905,22.1682
0697,2.4,57.1175,17.6692
0698,1.675,60.1168,21.6715
0698,1.675,56.3708,16.2018
0699,1.5125,60.2252,21.7883
0699,1.5125,55.25,15.9842
0700,1.8250000000000002,60.2002,21.5382
0700,1.8250000000000002,55.3833,15.3338
0701,1.6375000000000002,60.3002,21.7465
0701,1.6375000000000002,55.6173,14.8673
0702,1.7428571428571429,60.1807,25.6398
0702,1.7428571428571429,54.9712,14.0985
0703,3.3285714285714287,60.1875,25.364
0703,3.3285714285714287,55.0158,13.301
0708,7.8,60.3753,26.8952
0709,14,60.406,26.4913
0710,12,60.435,26.8022
0711,7.5,60.4472,26.6237
0712,7.8,60.272,26.6302
0714,7.6,60.1962,25.1985
0715,8.7,60.195,25.0838
0716,7.3,60.3158,21.953
0717,1.4,61.128,21.3708
0718,1.2,61.1505,21.2463
0719,4.0725,59.7768,23.2628
0720,28,60.1958,24.9938
0728,1.8,61.2282,21.447
0729,1.2,61.2515,21.5053
0736,5.6,60.437,27.1335
0737,12,60.4932,27.1417
0738,6.7,60.5143,27.1538
0739,4.2,60.3435,21.9558
0740,4.3,63.8782,22.989
0741,1.7,63.9612,22.9282
0742,5.3,63.9023,23.1205
0743,2.6,63.9102,22.83
0744,2.3,61.3697,21.4983
0745,1.2,65.1338,24.5962
0746,2.1,65.2505,25.1628
0747,2.95,65.3497,25.2162
0748,1.25,65.3837,24.8962
0750,4.1,60.3772,26.3637
0751,11,60.3638,26.33
0759,4.6,59.8555,23.2653
0760,7.1,59.9203,23.3322
0761,5.4,60.022,23.4745
0762,5.5,59.9685,23.4028
0763,20,60.5525,27.7552
0764,6.2,60.473,27.7205
0765,20,60.5283,27.765
0766,6.1,60.1343,24.855
0767,7.6,60.751,21.4168
0768,5.8,60.7842,21.3145
0769,15,60.7935,21.3605
0770,10,60.8095,21.3793
0771,15,60.0167,24.585
0779,2.6,60.7867,21.203
0780,3.8,60.3122,22.0458
0781,5.7,60.3777,22.1023
0782,13,60.4395,22.0907
0783,6.3,60.4873,21.969
0784,3.8,60.3787,22.5992
0785,4.35,64.218,23.6748
0786,2.2,64.3505,23.8462
0801,4.4,63.7208,22.6768
0803,3.35,65.6832,24.2432
0804,2.95,65.599,24.9148
0805,2.7,65.6193,24.3477
0806,2.1,65.6397,24.4937
0807,1.7000000000000002,65.6077,24.5235
0808,1.7999999999999998,65.5933,24.747
0810,2.75,65.651,24.8652
0818,1.8,61.3115,21.4933
0819,4.5,60.1252,22.0717
0820,6.4,65.7203,24.203
0821,6.2,60.403,26.9512
0822,8.2,60.4483,26.964
0823,6.4,60.4932,27.1417
0824,4.7,60.5143,27.1538
0825,2.7,60.3085,21.3965
0829,2.9000000000000004,65.1338,24.5962
0830,11,60.0352,24.3213
0831,17,60.0708,24.3627
0833,9.7,59.9875,24.012
0834,2.7,64.673,24.3732
0835,4.9,60.395,26.6598
0836,5.7,60.289,22.8735
0837,41,60.3468,23.0425
0838,2.9,62.3697,21.2745
0839,5.3,60.0807,25.1223
0851,3.7,63.74,22.5525
0852,4.7,60.5497,21.3208
0855,3.9,60.596,21.1863
0856,3.3,65.6077,24.5235
0857,4,65.651,24.8652
0858,3.45,65.5933,24.747
0859,4.3,65.6397,24.4937
0860,3.95,65.599,24.9148
0861,2.95,65.6193,24.3477
0866,15,60.0545,24.4673
0867,2.6,61.0257,21.2875
0868,5,60.9803,21.356
0874,3.9,65.5338,25.0962
0875,5.2,60.3122,22.0458
0876,7.3,60.3777,22.1023
0877,14,60.4395,22.0907
0878,11,60.4873,21.969
0880,5.949999999999999,65.3497,25.2162
0881,7.95,65.6832,24.2432
0882,4.95,65.2505,25.1628
0883,3.75,65.3837,24.8962
0884,4,63.8782,22.989
0885,3,63.9612,22.9282
0886,4.6,63.9023,23.1205
0887,3.7,63.9102,22.83
0888,3.7,65.1338,24.5962
0892,4.3,60.437,27.1335
0893,3.7,60.4932,27.1417
0894,3.7,60.5143,27.1538
0895,12,60.1962,25.1985
0896,17,60.195,25.0838
0897,3.7,61.128,21.3708
0898,2.3,61.1505,21.2463
0899,6.7,65.7203,24.203
0900,42,60.1958,24.9938
0902,3.2,61.2282,21.447
0904,6.6,59.8555,23.2653
0905,8.8,59.9203,23.3322
0906,6.1,60.022,23.4745
0907,8,59.9685,23.4028
0908,5.4,60.403,26.9512
0909,3.9,60.4483,26.964
0910,2.2,60.468,26.9038
0911,3.2,60.4795,26.9568
0912,9.649999999999999,60.1343,24.855
0913,2.9,61.1273,21.4232
0914,9,60.0807,25.1223
0923,9.3,60.751,21.4168
0924,4.7,60.7842,21.3145
0925,8.6,60.7935,21.3605
0926,14,60.8095,21.3793
0927,4.9,64.218,23.6748
0928,4.1,64.3505,23.8462
0932,4.8,64.673,24.3732
0933,3.8,60.3753,26.8952
0934,6.7,60.406,26.4913
0935,3.6,60.435,26.8022
0936,6,60.4472,26.6237
0937,4,60.272,26.6302
0938,2.4,60.7867,21.203
0943,4.4,59.8052,21.3418
0946,6.7,60.3772,26.3637
0947,6.7,60.3638,26.33
0948,20,60.1955,24.8485
0949,3.6,60.403,26.9512
0953,5,60.3122,22.0458
0954,6.9,60.3777,22.1023
0955,15,60.4395,22.0907
0956,14,60.4873,21.969
0961,4.7,65.7203,24.203
0966,9.6,60.1962,25.1985
0967,15,60.195,25.0838
0971,7.4,60.3777,22.1023
0975,3.2,65.1338,24.5962
0976,4.1,60.0807,25.1223
0986,7.1,60.1343,24.855
0991,12,60.0167,24.585
0995,2.4,63.7208,22.6768
0996,4.5,63.74,22.5525
0997,18,60.1958,24.9938
0998,6.1,63.8782,22.989
0999,5.1,63.919,22.9802
0B-1,5.11,56.04,21.05
0E80,5.805,59.7167,25.7083
0J56,3.1041666666666665,56.03,20.83
0K18,4.547894736842105,55.77,20.89
0K21,12.602,58.2167,24.3083
0K22,9.176874999999999,55.74,21.05
0K23,6.2749999999999995,55.72,21.06
0K32,3.9691666666666667,55.56,21.08
0K41,5.505,55.31,20.96
0KS5,1.4949999999999999,58.717,23.1005
0KS7,1.3,58.6575,22.6677
0KS8,1.9116666666666666,58.7,22.9187
0N-6,5.653333333333333,55.4,20.7
0N12,4.8109677419354835,59.5833,27.45
0V15,2.7642857142857142,58.8167,23.2167
0V35,3.7057142857142855,58.5833,23.4667
1000,4.4,63.9612,22.9282
1007,10,61.6015,21.5567
1008,9.6,61.6122,21.4657
1010,16,60.1955,24.8485
1025,7.6,60.3772,26.3637
1026,7.8,60.3638,26.33
1043,2.9,65.7203,24.203
1050,4.8,63.8782,22.989
1051,4.1,63.919,22.9802
1052,3.5,63.9612,22.9282
1055,2.8,62.9852,21.033
1059,5.9,60.0807,25.1223
1060,1.2,60.1958,24.9938
1061,4.4,60.1343,24.855
1062,4,60.0167,24.585
1063,18,60.1955,24.8485
1064,3.7,60.2503,27.247
1065,2.9,60.3887,27.6552
1066,3.4,60.434,27.3873
1067,1.1,59.7737,23.2617
1068,5.3,60.1962,25.1985
1069,11,60.195,25.0838
1071,1.6,63.919,22.9802
1072,1.2,63.9612,22.9282
1073,1.8,63.8782,22.989
5051,0.932,60.1367,18.9083
5052,1.084,60.1367,18.9083
5053,3.0220000000000002,60.1367,18.9083
5054,2.9979999999999998,60.1367,18.9083
5055,1.428,60.1367,18.9083
5056,2.0124999999999997,60.1367,18.9083
5057,2.546,60.1367,18.9083
5058,1.802,60.1367,18.9083
5059,1.764,60.1367,18.9083
5060,1.784,60.1367,18.9083
5061,1.804,60.1367,18.9083
5062,0.846,60.1367,18.9083
64A2,2.923,55.8,20.71
TS11,4.917142857142857,59.4952,24.7382
TS12,5.033571428571428,59.498,24.5712
TS13,4.837142857142857,59.5058,24.1347
TS14,4.484285714285714,59.5303,23.6875
TS15,4.226428571428571,59.5558,21.4658
